Lokasi_Awal,Lokasi_Tujuan,Jarak_km
(393) RS Garut 171,(6) RS Cimahi 108,67.39
(246) Terminal Majalengka 217,(317) Terminal Purwakarta 310,143.66
(171) Terminal Subang 214,(152) RS Kuningan 88,41.1
(303) Universitas Kuningan 75,(63) Universitas Cirebon 128,98.0
(290) Mall Tasikmalaya 43,(376) Mall Cirebon 159,57.41
(316) Alun-Alun Cianjur 294,(160) Bandung Trade Centre,142.43
(33) Stasiun Kiaracondong,(148) Universitas Cirebon 258,74.3
(325) Universitas Purwakarta 81,(63) Universitas Cirebon 128,145.25
(233) Universitas Cianjur 94,(213) Wisata Cirebon 226,3.02
(86) Mall Cirebon 83,(164) Terminal Majalengka 222,33.43
(370) Hotel Lembang 30,(131) Hotel Cirebon 252,107.19
(197) Alun-Alun Cirebon 116,(122) Mall Cirebon 238,116.05
(146) Stasiun Sumedang 51,(394) Hotel Bandung 25,117.39
(216) GBLA Stadium,(53) Museum Asia Afrika,71.34
(151) Terminal Garut 54,(127) Mall Cirebon 85,103.08
(128) Stasiun Bandung,(300) Mall Bandung 352,117.83
(148) Universitas Cirebon 258,(126) Mall Garut 26,126.9
(237) Universitas Sumedang 63,(129) Universitas Garut 181,10.49
(397) Hotel Purwakarta 10,(188) Hotel Lembang 221,35.14
(396) RS Hermina,(14) Mall Cirebon 322,39.17
(51) Mall Subang 192,(261) RS Majalengka 72,8.58
(188) Hotel Lembang 221,(65) Wisata Lembang 126,116.64
(381) Universitas Rancaekek 341,(373) Universitas Purwakarta 260,112.52
(246) Terminal Majalengka 217,(181) Alun-Alun Garut 204,120.71
(166) RS Santosa Bandung,(311) RS Soreang 113,66.16
(379) Wisata Cirebon 120,(260) Universitas Majalengka 53,37.5
(66) Paris Van Java,(108) Universitas Kuningan 298,122.49
(91) Stasiun Sumedang 59,(79) Hotel Bandung 202,49.44
(397) Hotel Purwakarta 10,(171) Terminal Subang 214,38.04
(20) Wisata Lembang 223,(272) Wisata Garut 278,59.08
(382) Mall Indramayu 9,(243) Terminal Purwakarta 351,138.19
(51) Mall Subang 192,(8) Hotel Lembang 285,69.81
(335) Wisata Lembang 245,(215) Hotel Kuningan 107,26.81
(62) Hotel Purwakarta 185,(244) Alun-Alun Lembang 165,106.59
(326) Hotel Garut 201,(8) Hotel Lembang 285,82.82
(213) Wisata Cirebon 226,(339) Wisata Cianjur 283,53.15
(261) RS Majalengka 72,(0) Wisata Purwakarta 118,136.31
(271) Wisata Bandung 345,(283) Universitas Kuningan 263,65.53
(385) Wisata Tasikmalaya 35,(315) Hotel Garut 143,94.9
(299) RS Bandung 111,(37) Hotel Kuningan 265,17.94
(329) Alun-Alun Rancaekek 80,(352) Terminal Kuningan 324,86.09
(10) Wisata Cirebon 274,(133) Hotel Kuningan 305,47.22
(326) Hotel Garut 201,(193) RS Cirebon 133,106.78
(219) Terminal Garut 330,(275) Universitas Padjadjaran,20.33
(210) Alun-Alun Sumedang 21,(351) Wisata Cianjur 151,36.19
(87) Universitas Garut 342,(24) Mall Purwakarta 79,19.8
(85) Hotel Garut 195,(109) Universitas Garut 259,141.16
(56) Hotel Soreang 60,(293) Alun-Alun Cirebon 131,11.94
(189) Mall Subang 173,(9) Mall Cianjur 332,40.66
(337) Wisata Majalengka 127,(117) Mall Cimahi 275,145.1
(348) Alun-Alun Rancaekek 288,(135) Stasiun Purwakarta 178,144.61
(305) Wisata Subang 162,(242) Hotel Purwakarta 225,95.66
(369) Wisata Soreang 357,(322) Wisata Sumedang 314,146.09
(49) Terminal Majalengka 243,(30) Terminal Bandung 230,148.69
(199) Mall Subang 200,(213) Wisata Cirebon 226,139.69
(357) Alun-Alun Cirebon 29,(238) Stasiun Cirebon 241,65.29
(369) Wisata Soreang 357,(134) Universitas Cirebon 269,117.39
(14) Mall Cirebon 322,(198) RS Subang 197,141.03
(350) Stasiun Cimahi 115,(110) Mall Majalengka 272,129.55
(256) Hotel Cimahi 152,(341) Universitas Soreang 358,27.36
(385) Wisata Tasikmalaya 35,(178) Stasiun Tasikmalaya 210,33.56
(27) Stasiun Cianjur 228,(146) Stasiun Sumedang 51,33.17
(214) Wisata Sumedang 353,(334) Terminal Rancaekek 47,10.48
(17) RS Lembang 319,(380) Hotel Rancaekek 256,119.87
(167) Hotel Kuningan 315,(105) Hotel Cirebon 2,57.99
(385) Wisata Tasikmalaya 35,(330) RS Bandung 125,63.84
(358) Universitas Garut 232,(396) RS Hermina,96.44
(351) Wisata Cianjur 151,(36) Universitas Cianjur 18,67.03
(49) Terminal Majalengka 243,(260) Universitas Majalengka 53,93.31
(239) Alun-Alun Indramayu 206,(207) Terminal Sumedang 114,116.35
(106) Mall Subang 129,(268) Mall Indramayu 303,139.62
(83) Universitas Rancaekek 149,(162) Hotel Cirebon 156,87.08
(399) Hotel Garut 46,(180) Wisata Lembang 71,25.94
(218) RS Al Islam,(390) Stasiun Cimahi 338,101.63
(305) Wisata Subang 162,(140) Festival Citylink,50.17
(371) Wisata Lembang 164,(57) RS Majalengka 153,140.31
(375) Terminal Lembang 32,(369) Wisata Soreang 357,132.32
(7) Wisata Cimahi 8,(338) Universitas Sumedang 39,125.41
(107) Tahura Djuanda,(343) Lapangan Tegalega,136.98
(125) Stasiun Subang 56,(369) Wisata Soreang 357,58.8
(347) Terminal Rancaekek 78,(0) Wisata Purwakarta 118,58.76
(110) Mall Majalengka 272,(109) Universitas Garut 259,77.05
(192) Hotel Tasikmalaya 184,(297) RS Soreang 93,132.42
(92) Hotel Cimahi 208,(232) RS Bandung 49,6.11
(373) Universitas Purwakarta 260,(207) Terminal Sumedang 114,54.83
(68) Hotel Bandung 101,(256) Hotel Cimahi 152,138.42
(336) Bandung Electronic Center,(356) Wisata Garut 50,87.89
(79) Hotel Bandung 202,(165) Stasiun Cirebon 186,116.67
(346) RS Cirebon 95,(334) Terminal Rancaekek 47,5.38
(346) RS Cirebon 95,(332) Terminal Sumedang 193,16.87
(74) RS Cirebon 329,(362) Stasiun Subang 295,73.66
(151) Terminal Garut 54,(388) Stasiun Cirebon 52,71.88
(363) RS Bandung 74,(318) Alun-Alun Tasikmalaya 233,44.68
(2) RS Tasikmalaya 227,(127) Mall Cirebon 85,125.02
(311) RS Soreang 113,(89) Mall Cirebon 244,62.89
(139) Hotel Garut 104,(192) Hotel Tasikmalaya 184,106.42
(339) Wisata Cianjur 283,(177) Stasiun Soreang 182,52.86
(372) RS Lembang 337,(334) Terminal Rancaekek 47,11.17
(10) Wisata Cirebon 274,(350) Stasiun Cimahi 115,28.48
(367) Terminal Purwakarta 100,(30) Terminal Bandung 230,113.54
(59) Universitas Majalengka 280,(381) Universitas Rancaekek 341,46.19
(343) Lapangan Tegalega,(67) Terminal Leuwipanjang,49.64
(256) Hotel Cimahi 152,(282) RS Bandung 82,110.93
(193) RS Cirebon 133,(169) Alun-Alun Indramayu 175,31.93
(189) Mall Subang 173,(260) Universitas Majalengka 53,80.6
(79) Hotel Bandung 202,(172) Alun-Alun Rancaekek 103,133.56
(249) RS Sumedang 282,(96) Mall Lembang 40,66.08
(292) Mall Cirebon 17,(296) Alun-Alun Majalengka 158,73.94
(207) Terminal Sumedang 114,(75) Babakan Siliwangi,57.16
(287) Alun-Alun Lembang 346,(291) Wisata Cirebon 87,63.14
(227) Mall Tasikmalaya 44,(399) Hotel Garut 46,123.93
(190) Terminal Majalengka 61,(82) Universitas Majalengka 253,94.78
(112) Stasiun Kuningan 64,(386) Wisata Bandung 172,76.57
(393) RS Garut 171,(19) Stasiun Cirebon 163,26.1
(330) RS Bandung 125,(18) Paskal Hyper Square,98.14
(4) Kebun Binatang Bandung,(213) Wisata Cirebon 226,20.71
(374) Universitas Subang 84,(383) Mall Indramayu 5,148.69
(197) Alun-Alun Cirebon 116,(7) Wisata Cimahi 8,28.12
(104) RS Sumedang 240,(107) Tahura Djuanda,144.23
(309) Hotel Soreang 69,(257) Dago Dreampark,106.44
(30) Terminal Bandung 230,(185) Alun-Alun Majalengka 321,63.88
(100) Curug Dago,(105) Hotel Cirebon 2,83.22
(167) Hotel Kuningan 315,(146) Stasiun Sumedang 51,76.72
(382) Mall Indramayu 9,(47) Alun-Alun Bandung 122,25.41
(168) Terminal Subang 317,(190) Terminal Majalengka 61,39.58
(196) Hotel Rancaekek 169,(264) Universitas Subang 239,72.37
(145) Mall Cirebon 271,(240) Hotel Garut 144,18.06
(116) Terminal Cirebon 255,(97) Alun-Alun Cimahi 196,126.03
(381) Universitas Rancaekek 341,(399) Hotel Garut 46,112.73
(146) Stasiun Sumedang 51,(162) Hotel Cirebon 156,114.93
(387) Alun-Alun Rancaekek 218,(188) Hotel Lembang 221,132.41
(108) Universitas Kuningan 298,(13) Terminal Sumedang 189,81.56
(19) Stasiun Cirebon 163,(96) Mall Lembang 40,76.54
(276) Alun-Alun Cirebon 48,(17) RS Lembang 319,21.32
(253) Wisata Cianjur 316,(205) Alun-Alun Garut 307,13.68
(12) Stasiun Purwakarta 36,(305) Wisata Subang 162,40.63
(335) Wisata Lembang 245,(357) Alun-Alun Cirebon 29,73.27
(115) Universitas Lembang 65,(266) Terminal Cicaheum,115.25
(20) Wisata Lembang 223,(256) Hotel Cimahi 152,114.61
(21) Hotel Subang 339,(12) Stasiun Purwakarta 36,126.84
(217) RS Bandung 124,(297) RS Soreang 93,59.89
(47) Alun-Alun Bandung 122,(372) RS Lembang 337,57.98
(395) Alun-Alun Kuningan 277,(15) Stasiun Tasikmalaya 19,82.97
(191) Wisata Rancaekek 112,(234) Alun-Alun Bandung,131.95
(351) Wisata Cianjur 151,(88) Saung Angklung Udjo,95.5
(40) Universitas Indramayu 287,(314) Dago Pakar,104.61
(366) Hotel Garut 334,(141) Hotel Kuningan 262,60.56
(359) RS Cimahi 119,(260) Universitas Majalengka 53,22.55
(85) Hotel Garut 195,(29) RS Sumedang 343,128.46
(179) Alun-Alun Kuningan 160,(240) Hotel Garut 144,17.7
(32) Universitas Indramayu 99,(54) Hotel Garut 313,31.37
(95) Hotel Tasikmalaya 132,(179) Alun-Alun Kuningan 160,13.33
(379) Wisata Cirebon 120,(265) Stasiun Cimahi 24,13.75
(34) Terminal Cimahi 23,(158) Wisata Subang 97,73.34
(279) Stasiun Kuningan 91,(94) Wisata Kuningan 117,9.41
(41) Alun-Alun Cimahi 139,(302) Alun-Alun Majalengka 1,63.41
(178) Stasiun Tasikmalaya 210,(152) RS Kuningan 88,139.34
(185) Alun-Alun Majalengka 321,(148) Universitas Cirebon 258,3.86
(123) Mall Majalengka 190,(75) Babakan Siliwangi,132.19
(193) RS Cirebon 133,(133) Hotel Kuningan 305,57.88
(66) Paris Van Java,(123) Mall Majalengka 190,17.86
(211) Stasiun Cimahi 135,(370) Hotel Lembang 30,51.99
(297) RS Soreang 93,(381) Universitas Rancaekek 341,101.98
(197) Alun-Alun Cirebon 116,(164) Terminal Majalengka 222,131.61
(391) Wisata Indramayu 34,(199) Mall Subang 200,55.14
(352) Terminal Kuningan 324,(304) Hotel Cirebon 340,86.96
(398) Wisata Bandung 318,(113) Alun-Alun Indramayu 55,82.66
(391) Wisata Indramayu 34,(20) Wisata Lembang 223,76.72
(341) Universitas Soreang 358,(118) Mall Tasikmalaya 136,25.61
(159) Stasiun Lembang 11,(261) RS Majalengka 72,122.0
(292) Mall Cirebon 17,(236) Wisata Rancaekek 89,15.87
(381) Universitas Rancaekek 341,(259) Mall Subang 328,43.02
(73) Alun-Alun Soreang 66,(60) Universitas Tasikmalaya 299,35.02
(98) Mall Cirebon 264,(85) Hotel Garut 195,30.03
(364) Teras Cikapundung,(132) Terminal Indramayu 146,112.65
(98) Mall Cirebon 264,(190) Terminal Majalengka 61,98.68
(286) Wisata Soreang 215,(329) Alun-Alun Rancaekek 80,147.11
(164) Terminal Majalengka 222,(117) Mall Cimahi 275,103.08
(346) RS Cirebon 95,(390) Stasiun Cimahi 338,30.2
(318) Alun-Alun Tasikmalaya 233,(167) Hotel Kuningan 315,132.74
(368) Mall Tasikmalaya 70,(337) Wisata Majalengka 127,92.22
(371) Wisata Lembang 164,(303) Universitas Kuningan 75,114.58
(120) Wisata Majalengka 166,(301) Hotel Cirebon 62,42.76
(13) Terminal Sumedang 189,(108) Universitas Kuningan 298,100.38
(371) Wisata Lembang 164,(194) RS Soreang 249,15.35
(119) Alun-Alun Garut 237,(338) Universitas Sumedang 39,28.18
(384) Wisata Lembang 198,(139) Hotel Garut 104,81.76
(318) Alun-Alun Tasikmalaya 233,(262) Wisata Sumedang 242,131.73
(83) Universitas Rancaekek 149,(164) Terminal Majalengka 222,143.63
(287) Alun-Alun Lembang 346,(303) Universitas Kuningan 75,109.15
(29) RS Sumedang 343,(69) Wisata Garut 187,100.37
(255) Hotel Lembang 57,(191) Wisata Rancaekek 112,44.27
(16) RS Santo Borromeus,(163) Mall Garut 20,27.15
(148) Universitas Cirebon 258,(24) Mall Purwakarta 79,35.81
(59) Universitas Majalengka 280,(171) Terminal Subang 214,86.61
(152) RS Kuningan 88,(203) Wisata Cimahi 246,6.02
(203) Wisata Cimahi 246,(344) Terminal Cirebon 212,146.32
(175) Mall Bandung 267,(383) Mall Indramayu 5,31.98
(225) Alun-Alun Cimahi 248,(383) Mall Indramayu 5,30.75
(140) Festival Citylink,(210) Alun-Alun Sumedang 21,124.4
(381) Universitas Rancaekek 341,(135) Stasiun Purwakarta 178,148.67
(146) Stasiun Sumedang 51,(223) Terminal Soreang 7,121.2
(17) RS Lembang 319,(70) Hotel Majalengka 331,53.2
(348) Alun-Alun Rancaekek 288,(193) RS Cirebon 133,45.55
(124) Wisata Kuningan 270,(158) Wisata Subang 97,6.58
(97) Alun-Alun Cimahi 196,(381) Universitas Rancaekek 341,25.51
(241) Museum Geologi,(319) RS Purwakarta 22,144.37
(146) Stasiun Sumedang 51,(81) Mall Subang 257,96.25
(69) Wisata Garut 187,(396) RS Hermina,134.8
(173) Hotel Purwakarta 279,(44) Terminal Garut 325,24.41
(186) Stasiun Cimahi 349,(21) Hotel Subang 339,72.43
(130) Mall Cimahi 31,(9) Mall Cianjur 332,26.92
(180) Wisata Lembang 71,(115) Universitas Lembang 65,14.84
(19) Stasiun Cirebon 163,(270) Hotel Kuningan 155,77.22
(167) Hotel Kuningan 315,(387) Alun-Alun Rancaekek 218,82.0
(354) Alun-Alun Kuningan 38,(326) Hotel Garut 201,78.44
(219) Terminal Garut 330,(348) Alun-Alun Rancaekek 288,40.03
(302) Alun-Alun Majalengka 1,(84) RS Rancaekek 137,27.25
(336) Bandung Electronic Center,(374) Universitas Subang 84,114.19
(348) Alun-Alun Rancaekek 288,(316) Alun-Alun Cianjur 294,51.89
(304) Hotel Cirebon 340,(257) Dago Dreampark,98.08
(273) RS Soreang 27,(354) Alun-Alun Kuningan 38,105.03
(207) Terminal Sumedang 114,(53) Museum Asia Afrika,137.1
(168) Terminal Subang 317,(13) Terminal Sumedang 189,3.27
(1) Alun-Alun Tasikmalaya 355,(380) Hotel Rancaekek 256,107.93
(27) Stasiun Cianjur 228,(348) Alun-Alun Rancaekek 288,79.75
(234) Alun-Alun Bandung,(97) Alun-Alun Cimahi 196,102.42
(304) Hotel Cirebon 340,(111) Mall Subang 138,12.93
(20) Wisata Lembang 223,(373) Universitas Purwakarta 260,148.63
(208) Hotel Cimahi 323,(72) Universitas Indramayu 326,114.19
(129) Universitas Garut 181,(76) Universitas Tasikmalaya 98,139.93
(289) Alun-Alun Soreang 203,(213) Wisata Cirebon 226,24.03
(41) Alun-Alun Cimahi 139,(65) Wisata Lembang 126,53.87
(203) Wisata Cimahi 246,(204) RS Garut 333,116.46
(255) Hotel Lembang 57,(231) Universitas Cianjur 102,41.13
(229) Kiara Artha Park,(148) Universitas Cirebon 258,55.67
(393) RS Garut 171,(12) Stasiun Purwakarta 36,47.53
(96) Mall Lembang 40,(301) Hotel Cirebon 62,134.89
(36) Universitas Cianjur 18,(141) Hotel Kuningan 262,123.95
(132) Terminal Indramayu 146,(148) Universitas Cirebon 258,5.67
(221) Universitas Cimahi 157,(108) Universitas Kuningan 298,136.32
(83) Universitas Rancaekek 149,(266) Terminal Cicaheum,62.6
(192) Hotel Tasikmalaya 184,(238) Stasiun Cirebon 241,132.82
(40) Universitas Indramayu 287,(63) Universitas Cirebon 128,103.42
(282) RS Bandung 82,(202) Universitas Bandung 183,23.83
(362) Stasiun Subang 295,(284) Mall Soreang 231,13.0
(334) Terminal Rancaekek 47,(85) Hotel Garut 195,22.55
(292) Mall Cirebon 17,(297) RS Soreang 93,134.68
(161) Wisata Indramayu 58,(325) Universitas Purwakarta 81,10.06
(168) Terminal Subang 317,(236) Wisata Rancaekek 89,74.66
(119) Alun-Alun Garut 237,(319) RS Purwakarta 22,74.44
(308) Stasiun Cianjur 145,(365) Universitas Bandung 3,146.83
(207) Terminal Sumedang 114,(165) Stasiun Cirebon 186,37.66
(6) RS Cimahi 108,(5) Masjid Raya Bandung,36.32
(195) Cihampelas Walk,(387) Alun-Alun Rancaekek 218,77.24
(311) RS Soreang 113,(76) Universitas Tasikmalaya 98,147.05
(355) RS Majalengka 261,(4) Kebun Binatang Bandung,26.16
(71) Stasiun Soreang 281,(187) Hotel Subang 213,75.46
(294) Hotel Rancaekek 147,(381) Universitas Rancaekek 341,100.56
(67) Terminal Leuwipanjang,(50) Gasibu,30.63
(163) Mall Garut 20,(229) Kiara Artha Park,119.54
(324) Alun-Alun Purwakarta 180,(225) Alun-Alun Cimahi 248,15.24
(171) Terminal Subang 214,(90) Hotel Tasikmalaya 301,74.66
(226) Kings Shopping Center,(384) Wisata Lembang 198,118.07
(395) Alun-Alun Kuningan 277,(281) Stasiun Kuningan 150,85.84
(234) Alun-Alun Bandung,(222) Terminal Soreang 344,135.09
(331) Wisata Cianjur 168,(289) Alun-Alun Soreang 203,11.44
(69) Wisata Garut 187,(111) Mall Subang 138,15.94
(63) Universitas Cirebon 128,(70) Hotel Majalengka 331,106.16
(81) Mall Subang 257,(200) Hotel Bandung 359,149.66
(54) Hotel Garut 313,(370) Hotel Lembang 30,33.48
(41) Alun-Alun Cimahi 139,(198) RS Subang 197,122.38
(217) RS Bandung 124,(332) Terminal Sumedang 193,121.32
(7) Wisata Cimahi 8,(148) Universitas Cirebon 258,73.0
(121) Terminal Bandung 96,(240) Hotel Garut 144,121.19
(272) Wisata Garut 278,(37) Hotel Kuningan 265,54.99
(119) Alun-Alun Garut 237,(24) Mall Purwakarta 79,94.84
(140) Festival Citylink,(139) Hotel Garut 104,43.54
(270) Hotel Kuningan 155,(323) Stasiun Kuningan 191,86.62
(119) Alun-Alun Garut 237,(371) Wisata Lembang 164,49.06
(276) Alun-Alun Cirebon 48,(68) Hotel Bandung 101,83.02
(218) RS Al Islam,(248) Wisata Rancaekek 67,113.08
(304) Hotel Cirebon 340,(334) Terminal Rancaekek 47,33.56
(220) Universitas Kuningan 308,(72) Universitas Indramayu 326,4.64
(69) Wisata Garut 187,(163) Mall Garut 20,37.58
(11) Terminal Subang 291,(44) Terminal Garut 325,137.93
(286) Wisata Soreang 215,(116) Terminal Cirebon 255,75.75
(385) Wisata Tasikmalaya 35,(209) RS Kuningan 250,87.31
(311) RS Soreang 113,(193) RS Cirebon 133,75.65
(51) Mall Subang 192,(385) Wisata Tasikmalaya 35,10.8
(178) Stasiun Tasikmalaya 210,(331) Wisata Cianjur 168,108.1
(349) Terminal Lembang 12,(39) Wisata Majalengka 289,45.29
(4) Kebun Binatang Bandung,(81) Mall Subang 257,14.3
(235) Mall Majalengka 148,(118) Mall Tasikmalaya 136,117.41
(357) Alun-Alun Cirebon 29,(35) Mall Tasikmalaya 276,29.6
(34) Terminal Cimahi 23,(104) RS Sumedang 240,58.39
(387) Alun-Alun Rancaekek 218,(364) Teras Cikapundung,132.24
(149) Alun-Alun Garut 234,(382) Mall Indramayu 9,128.45
(397) Hotel Purwakarta 10,(113) Alun-Alun Indramayu 55,62.56
(229) Kiara Artha Park,(366) Hotel Garut 334,20.56
(225) Alun-Alun Cimahi 248,(298) Bandung Indah Plaza,108.33
(52) Mall Purwakarta 300,(319) RS Purwakarta 22,37.4
(349) Terminal Lembang 12,(205) Alun-Alun Garut 307,34.71
(204) RS Garut 333,(127) Mall Cirebon 85,137.67
(250) Stasiun Cimahi 86,(115) Universitas Lembang 65,8.33
(396) RS Hermina,(303) Universitas Kuningan 75,16.66
(203) Wisata Cimahi 246,(98) Mall Cirebon 264,39.47
(55) Wisata Tasikmalaya 176,(175) Mall Bandung 267,23.74
(174) Mall Cianjur 236,(215) Hotel Kuningan 107,84.48
(169) Alun-Alun Indramayu 175,(207) Terminal Sumedang 114,45.36
(58) RS Cianjur 123,(103) Mall Sumedang 106,90.69
(148) Universitas Cirebon 258,(120) Wisata Majalengka 166,39.93
(206) Universitas Sumedang 273,(332) Terminal Sumedang 193,144.32
(87) Universitas Garut 342,(361) Wisata Lembang 6,28.85
(352) Terminal Kuningan 324,(36) Universitas Cianjur 18,93.26
(359) RS Cimahi 119,(210) Alun-Alun Sumedang 21,18.07
(80) Wisata Cimahi 224,(140) Festival Citylink,68.75
(129) Universitas Garut 181,(49) Terminal Majalengka 243,33.2
(89) Mall Cirebon 244,(371) Wisata Lembang 164,84.92
(150) Terminal Cianjur 356,(275) Universitas Padjadjaran,48.08
(61) Wisata Rancaekek 336,(58) RS Cianjur 123,89.0
(48) Mall Garut 229,(103) Mall Sumedang 106,15.22
(131) Hotel Cirebon 252,(257) Dago Dreampark,108.02
(244) Alun-Alun Lembang 165,(196) Hotel Rancaekek 169,99.05
(101) RS Lembang 14,(218) RS Al Islam,26.21
(348) Alun-Alun Rancaekek 288,(227) Mall Tasikmalaya 44,37.97
(173) Hotel Purwakarta 279,(377) Wisata Cimahi 130,20.47
(47) Alun-Alun Bandung 122,(224) RS Sumedang 105,127.69
(375) Terminal Lembang 32,(350) Stasiun Cimahi 115,144.11
(366) Hotel Garut 334,(76) Universitas Tasikmalaya 98,67.63
(43) Wisata Rancaekek 28,(271) Wisata Bandung 345,143.82
(342) RS Purwakarta 354,(346) RS Cirebon 95,112.7
(46) Universitas Bandung 220,(112) Stasiun Kuningan 64,44.01
(100) Curug Dago,(351) Wisata Cianjur 151,120.16
(245) Universitas Soreang 141,(269) Stasiun Kuningan 327,145.78
(336) Bandung Electronic Center,(246) Terminal Majalengka 217,145.27
(257) Dago Dreampark,(248) Wisata Rancaekek 67,75.19
(347) Terminal Rancaekek 78,(133) Hotel Kuningan 305,81.36
(71) Stasiun Soreang 281,(311) RS Soreang 113,44.68
(391) Wisata Indramayu 34,(44) Terminal Garut 325,78.45
(292) Mall Cirebon 17,(154) Alun-Alun Garut 42,65.85
(269) Stasiun Kuningan 327,(91) Stasiun Sumedang 59,60.83
(273) RS Soreang 27,(161) Wisata Indramayu 58,5.6
(14) Mall Cirebon 322,(213) Wisata Cirebon 226,96.28
(384) Wisata Lembang 198,(397) Hotel Purwakarta 10,29.91
(226) Kings Shopping Center,(151) Terminal Garut 54,130.77
(165) Stasiun Cirebon 186,(340) Hotel Bandung 293,132.86
(153) Terminal Cianjur 335,(160) Bandung Trade Centre,19.19
(84) RS Rancaekek 137,(143) Terminal Lembang 110,17.1
(126) Mall Garut 26,(294) Hotel Rancaekek 147,35.1
(80) Wisata Cimahi 224,(340) Hotel Bandung 293,76.35
(107) Tahura Djuanda,(334) Terminal Rancaekek 47,52.11
(341) Universitas Soreang 358,(120) Wisata Majalengka 166,119.5
(114) Hotel Garut 312,(257) Dago Dreampark,15.85
(25) Hotel Purwakarta 216,(380) Hotel Rancaekek 256,103.33
(123) Mall Majalengka 190,(31) Wisata Cianjur 68,88.54
(79) Hotel Bandung 202,(237) Universitas Sumedang 63,52.83
(319) RS Purwakarta 22,(211) Stasiun Cimahi 135,90.12
(344) Terminal Cirebon 212,(18) Paskal Hyper Square,48.96
(323) Stasiun Kuningan 191,(105) Hotel Cirebon 2,45.3
(283) Universitas Kuningan 263,(67) Terminal Leuwipanjang,85.18
(46) Universitas Bandung 220,(399) Hotel Garut 46,92.15
(190) Terminal Majalengka 61,(61) Wisata Rancaekek 336,9.25
(185) Alun-Alun Majalengka 321,(337) Wisata Majalengka 127,48.69
(257) Dago Dreampark,(85) Hotel Garut 195,47.64
(209) RS Kuningan 250,(303) Universitas Kuningan 75,3.07
(264) Universitas Subang 239,(242) Hotel Purwakarta 225,4.26
(193) RS Cirebon 133,(385) Wisata Tasikmalaya 35,114.52
(257) Dago Dreampark,(162) Hotel Cirebon 156,142.6
(292) Mall Cirebon 17,(360) Metro Indah Mall,53.86
(310) Terminal Bandung 109,(63) Universitas Cirebon 128,43.18
(232) RS Bandung 49,(222) Terminal Soreang 344,66.03
(256) Hotel Cimahi 152,(85) Hotel Garut 195,141.62
(56) Hotel Soreang 60,(281) Stasiun Kuningan 150,25.72
(179) Alun-Alun Kuningan 160,(71) Stasiun Soreang 281,35.64
(233) Universitas Cianjur 94,(83) Universitas Rancaekek 149,96.08
(314) Dago Pakar,(77) Hotel Bandung 235,137.83
(38) Stasiun Kuningan 309,(77) Hotel Bandung 235,72.44
(117) Mall Cimahi 275,(359) RS Cimahi 119,146.29
(309) Hotel Soreang 69,(341) Universitas Soreang 358,130.72
(117) Mall Cimahi 275,(288) Hotel Cirebon 188,124.27
(182) Terminal Purwakarta 140,(351) Wisata Cianjur 151,89.83
(350) Stasiun Cimahi 115,(70) Hotel Majalengka 331,93.28
(344) Terminal Cirebon 212,(179) Alun-Alun Kuningan 160,45.23
(236) Wisata Rancaekek 89,(174) Mall Cianjur 236,19.94
(148) Universitas Cirebon 258,(391) Wisata Indramayu 34,64.18
(126) Mall Garut 26,(272) Wisata Garut 278,36.17
(131) Hotel Cirebon 252,(118) Mall Tasikmalaya 136,7.78
(264) Universitas Subang 239,(108) Universitas Kuningan 298,53.32
(135) Stasiun Purwakarta 178,(86) Mall Cirebon 83,88.52
(265) Stasiun Cimahi 24,(126) Mall Garut 26,86.99
(263) RS Cirebon 177,(206) Universitas Sumedang 273,73.62
(297) RS Soreang 93,(334) Terminal Rancaekek 47,56.54
(25) Hotel Purwakarta 216,(288) Hotel Cirebon 188,89.22
(275) Universitas Padjadjaran,(322) Wisata Sumedang 314,43.84
(336) Bandung Electronic Center,(373) Universitas Purwakarta 260,50.42
(271) Wisata Bandung 345,(317) Terminal Purwakarta 310,117.12
(306) Mall Indramayu 304,(152) RS Kuningan 88,149.9
(381) Universitas Rancaekek 341,(152) RS Kuningan 88,38.74
(144) Hotel Cianjur 297,(90) Hotel Tasikmalaya 301,107.71
(65) Wisata Lembang 126,(236) Wisata Rancaekek 89,127.2
(140) Festival Citylink,(15) Stasiun Tasikmalaya 19,81.54
(25) Hotel Purwakarta 216,(66) Paris Van Java,73.3
(43) Wisata Rancaekek 28,(290) Mall Tasikmalaya 43,73.36
(93) Institut Teknologi Bandung,(125) Stasiun Subang 56,31.54
(125) Stasiun Subang 56,(394) Hotel Bandung 25,40.36
(169) Alun-Alun Indramayu 175,(270) Hotel Kuningan 155,20.8
(308) Stasiun Cianjur 145,(379) Wisata Cirebon 120,97.05
(281) Stasiun Kuningan 150,(298) Bandung Indah Plaza,45.79
(3) Stasiun Subang 296,(278) Alun-Alun Cirebon 247,110.89
(295) Hotel Subang 199,(68) Hotel Bandung 101,43.1
(79) Hotel Bandung 202,(73) Alun-Alun Soreang 66,108.59
(212) Hotel Sumedang 174,(217) RS Bandung 124,44.01
(136) RS Lembang 76,(5) Masjid Raya Bandung,51.33
(39) Wisata Majalengka 289,(210) Alun-Alun Sumedang 21,25.46
(75) Babakan Siliwangi,(367) Terminal Purwakarta 100,52.02
(271) Wisata Bandung 345,(268) Mall Indramayu 303,35.75
(233) Universitas Cianjur 94,(226) Kings Shopping Center,69.75
(348) Alun-Alun Rancaekek 288,(148) Universitas Cirebon 258,121.83
(320) Stasiun Purwakarta 290,(52) Mall Purwakarta 300,147.39
(172) Alun-Alun Rancaekek 103,(253) Wisata Cianjur 316,142.2
(297) RS Soreang 93,(33) Stasiun Kiaracondong,17.03
(96) Mall Lembang 40,(123) Mall Majalengka 190,138.83
(140) Festival Citylink,(94) Wisata Kuningan 117,129.68
(263) RS Cirebon 177,(279) Stasiun Kuningan 91,26.02
(70) Hotel Majalengka 331,(345) Mall Cimahi 134,96.22
(308) Stasiun Cianjur 145,(181) Alun-Alun Garut 204,91.88
(142) RS Purwakarta 92,(269) Stasiun Kuningan 327,109.32
(58) RS Cianjur 123,(382) Mall Indramayu 9,72.04
(5) Masjid Raya Bandung,(213) Wisata Cirebon 226,10.91
(196) Hotel Rancaekek 169,(340) Hotel Bandung 293,53.11
(223) Terminal Soreang 7,(333) Stasiun Tasikmalaya 348,19.6
(379) Wisata Cirebon 120,(346) RS Cirebon 95,101.59
(78) Stasiun Tasikmalaya 286,(244) Alun-Alun Lembang 165,66.95
(150) Terminal Cianjur 356,(65) Wisata Lembang 126,137.75
(112) Stasiun Kuningan 64,(0) Wisata Purwakarta 118,99.48
(179) Alun-Alun Kuningan 160,(261) RS Majalengka 72,5.13
(127) Mall Cirebon 85,(211) Stasiun Cimahi 135,57.71
(366) Hotel Garut 334,(309) Hotel Soreang 69,132.12
(361) Wisata Lembang 6,(325) Universitas Purwakarta 81,40.91
(237) Universitas Sumedang 63,(366) Hotel Garut 334,118.87
(245) Universitas Soreang 141,(244) Alun-Alun Lembang 165,35.14
(250) Stasiun Cimahi 86,(200) Hotel Bandung 359,94.8
(170) Mall Bandung 77,(167) Hotel Kuningan 315,123.99
(184) Trans Studio Bandung,(208) Hotel Cimahi 323,128.08
(97) Alun-Alun Cimahi 196,(282) RS Bandung 82,49.75
(185) Alun-Alun Majalengka 321,(310) Terminal Bandung 109,14.88
(68) Hotel Bandung 101,(95) Hotel Tasikmalaya 132,69.97
(23) Wisata Indramayu 45,(86) Mall Cirebon 83,12.13
(254) Stasiun Sumedang 320,(263) RS Cirebon 177,117.69
(134) Universitas Cirebon 269,(146) Stasiun Sumedang 51,83.34
(293) Alun-Alun Cirebon 131,(118) Mall Tasikmalaya 136,90.03
(72) Universitas Indramayu 326,(135) Stasiun Purwakarta 178,111.35
(60) Universitas Tasikmalaya 299,(42) Stasiun Cianjur 121,92.83
(51) Mall Subang 192,(88) Saung Angklung Udjo,96.63
(282) RS Bandung 82,(185) Alun-Alun Majalengka 321,60.14
(383) Mall Indramayu 5,(311) RS Soreang 113,17.35
(24) Mall Purwakarta 79,(267) RS Hasan Sadikin,36.61
(268) Mall Indramayu 303,(176) Wisata Cirebon 306,41.11
(213) Wisata Cirebon 226,(164) Terminal Majalengka 222,10.44
(99) Hotel Kuningan 90,(261) RS Majalengka 72,41.95
(336) Bandung Electronic Center,(337) Wisata Majalengka 127,145.42
(152) RS Kuningan 88,(337) Wisata Majalengka 127,48.1
(261) RS Majalengka 72,(182) Terminal Purwakarta 140,114.99
(117) Mall Cimahi 275,(267) RS Hasan Sadikin,92.32
(194) RS Soreang 249,(92) Hotel Cimahi 208,115.33
(180) Wisata Lembang 71,(267) RS Hasan Sadikin,133.38
(347) Terminal Rancaekek 78,(183) Universitas Purwakarta 350,57.09
(304) Hotel Cirebon 340,(320) Stasiun Purwakarta 290,118.04
(278) Alun-Alun Cirebon 247,(24) Mall Purwakarta 79,87.49
(138) Alun-Alun Bandung 179,(136) RS Lembang 76,46.91
(67) Terminal Leuwipanjang,(265) Stasiun Cimahi 24,20.02
(227) Mall Tasikmalaya 44,(122) Mall Cirebon 238,73.99
(209) RS Kuningan 250,(14) Mall Cirebon 322,91.89
(161) Wisata Indramayu 58,(140) Festival Citylink,137.82
(138) Alun-Alun Bandung 179,(150) Terminal Cianjur 356,134.55
(222) Terminal Soreang 344,(67) Terminal Leuwipanjang,112.33
(20) Wisata Lembang 223,(319) RS Purwakarta 22,149.03
(287) Alun-Alun Lembang 346,(3) Stasiun Subang 296,95.11
(131) Hotel Cirebon 252,(221) Universitas Cimahi 157,33.49
(346) RS Cirebon 95,(45) Terminal Subang 284,19.6
(121) Terminal Bandung 96,(227) Mall Tasikmalaya 44,95.7
(131) Hotel Cirebon 252,(398) Wisata Bandung 318,134.83
(96) Mall Lembang 40,(207) Terminal Sumedang 114,120.38
(263) RS Cirebon 177,(39) Wisata Majalengka 289,63.61
(352) Terminal Kuningan 324,(155) Gedung Sate,20.42
(287) Alun-Alun Lembang 346,(298) Bandung Indah Plaza,1.74
(206) Universitas Sumedang 273,(178) Stasiun Tasikmalaya 210,122.73
(207) Terminal Sumedang 114,(351) Wisata Cianjur 151,37.63
(197) Alun-Alun Cirebon 116,(30) Terminal Bandung 230,69.38
(269) Stasiun Kuningan 327,(115) Universitas Lembang 65,73.57
(177) Stasiun Soreang 182,(34) Terminal Cimahi 23,36.79
(222) Terminal Soreang 344,(250) Stasiun Cimahi 86,21.9
(136) RS Lembang 76,(279) Stasiun Kuningan 91,14.73
(233) Universitas Cianjur 94,(31) Wisata Cianjur 68,85.33
(40) Universitas Indramayu 287,(163) Mall Garut 20,107.9
(128) Stasiun Bandung,(189) Mall Subang 173,83.08
(31) Wisata Cianjur 68,(399) Hotel Garut 46,42.92
(355) RS Majalengka 261,(202) Universitas Bandung 183,34.38
(206) Universitas Sumedang 273,(62) Hotel Purwakarta 185,15.84
(202) Universitas Bandung 183,(231) Universitas Cianjur 102,121.37
(145) Mall Cirebon 271,(138) Alun-Alun Bandung 179,77.12
(223) Terminal Soreang 7,(153) Terminal Cianjur 335,59.79
(19) Stasiun Cirebon 163,(354) Alun-Alun Kuningan 38,113.72
(352) Terminal Kuningan 324,(108) Universitas Kuningan 298,125.0
(164) Terminal Majalengka 222,(392) Wisata Indramayu 205,133.07
(275) Universitas Padjadjaran,(139) Hotel Garut 104,64.51
(381) Universitas Rancaekek 341,(368) Mall Tasikmalaya 70,71.95
(122) Mall Cirebon 238,(158) Wisata Subang 97,145.71
(209) RS Kuningan 250,(95) Hotel Tasikmalaya 132,118.88
(219) Terminal Garut 330,(138) Alun-Alun Bandung 179,63.64
(171) Terminal Subang 214,(166) RS Santosa Bandung,42.75
(182) Terminal Purwakarta 140,(310) Terminal Bandung 109,88.46
(374) Universitas Subang 84,(233) Universitas Cianjur 94,16.89
(26) Mall Kuningan 219,(254) Stasiun Sumedang 320,74.63
(6) RS Cimahi 108,(201) Braga Citywalk,53.65
(59) Universitas Majalengka 280,(20) Wisata Lembang 223,94.59
(56) Hotel Soreang 60,(275) Universitas Padjadjaran,18.89
(261) RS Majalengka 72,(356) Wisata Garut 50,112.93
(384) Wisata Lembang 198,(106) Mall Subang 129,79.39
(127) Mall Cirebon 85,(48) Mall Garut 229,47.21
(387) Alun-Alun Rancaekek 218,(360) Metro Indah Mall,108.13
(12) Stasiun Purwakarta 36,(61) Wisata Rancaekek 336,101.44
(224) RS Sumedang 105,(154) Alun-Alun Garut 42,120.29
(287) Alun-Alun Lembang 346,(210) Alun-Alun Sumedang 21,56.06
(251) Hotel Bandung 268,(12) Stasiun Purwakarta 36,17.91
(33) Stasiun Kiaracondong,(117) Mall Cimahi 275,126.08
(102) Universitas Sumedang 16,(104) RS Sumedang 240,44.63
(315) Hotel Garut 143,(174) Mall Cianjur 236,87.37
(23) Wisata Indramayu 45,(64) Stasiun Kuningan 251,19.35
(179) Alun-Alun Kuningan 160,(94) Wisata Kuningan 117,123.28
(250) Stasiun Cimahi 86,(356) Wisata Garut 50,14.5
(132) Terminal Indramayu 146,(355) RS Majalengka 261,46.03
(297) RS Soreang 93,(24) Mall Purwakarta 79,60.97
(394) Hotel Bandung 25,(203) Wisata Cimahi 246,41.88
(31) Wisata Cianjur 68,(112) Stasiun Kuningan 64,42.28
(66) Paris Van Java,(143) Terminal Lembang 110,114.22
(340) Hotel Bandung 293,(108) Universitas Kuningan 298,46.79
(215) Hotel Kuningan 107,(393) RS Garut 171,109.24
(396) RS Hermina,(183) Universitas Purwakarta 350,64.1
(112) Stasiun Kuningan 64,(154) Alun-Alun Garut 42,100.45
(52) Mall Purwakarta 300,(197) Alun-Alun Cirebon 116,58.09
(188) Hotel Lembang 221,(304) Hotel Cirebon 340,72.16
(263) RS Cirebon 177,(34) Terminal Cimahi 23,37.37
(305) Wisata Subang 162,(81) Mall Subang 257,94.47
(212) Hotel Sumedang 174,(153) Terminal Cianjur 335,85.91
(239) Alun-Alun Indramayu 206,(353) Stasiun Bandung 37,19.64
(288) Hotel Cirebon 188,(248) Wisata Rancaekek 67,23.33
(325) Universitas Purwakarta 81,(339) Wisata Cianjur 283,106.17
(322) Wisata Sumedang 314,(255) Hotel Lembang 57,103.19
(163) Mall Garut 20,(333) Stasiun Tasikmalaya 348,86.55
(356) Wisata Garut 50,(257) Dago Dreampark,38.29
(5) Masjid Raya Bandung,(274) Mall Tasikmalaya 41,65.65
(248) Wisata Rancaekek 67,(271) Wisata Bandung 345,61.47
(272) Wisata Garut 278,(12) Stasiun Purwakarta 36,51.87
(115) Universitas Lembang 65,(116) Terminal Cirebon 255,55.21
(241) Museum Geologi,(300) Mall Bandung 352,16.3
(308) Stasiun Cianjur 145,(311) RS Soreang 113,121.91
(97) Alun-Alun Cimahi 196,(131) Hotel Cirebon 252,68.27
(80) Wisata Cimahi 224,(225) Alun-Alun Cimahi 248,25.71
(8) Hotel Lembang 285,(83) Universitas Rancaekek 149,61.29
(100) Curug Dago,(258) Terminal Rancaekek 33,52.51
(296) Alun-Alun Majalengka 158,(325) Universitas Purwakarta 81,146.41
(107) Tahura Djuanda,(250) Stasiun Cimahi 86,127.11
(346) RS Cirebon 95,(189) Mall Subang 173,11.48
(220) Universitas Kuningan 308,(194) RS Soreang 249,99.91
(252) Universitas Purwakarta 209,(91) Stasiun Sumedang 59,107.87
(318) Alun-Alun Tasikmalaya 233,(102) Universitas Sumedang 16,50.41
(110) Mall Majalengka 272,(339) Wisata Cianjur 283,143.4
(282) RS Bandung 82,(195) Cihampelas Walk,147.69
(49) Terminal Majalengka 243,(374) Universitas Subang 84,102.72
(77) Hotel Bandung 235,(240) Hotel Garut 144,134.22
(147) Stasiun Cianjur 347,(184) Trans Studio Bandung,132.46
(249) RS Sumedang 282,(137) Wisata Bandung 194,33.28
(218) RS Al Islam,(267) RS Hasan Sadikin,109.64
(131) Hotel Cirebon 252,(96) Mall Lembang 40,57.53
(79) Hotel Bandung 202,(77) Hotel Bandung 235,116.86
(276) Alun-Alun Cirebon 48,(364) Teras Cikapundung,73.64
(197) Alun-Alun Cirebon 116,(329) Alun-Alun Rancaekek 80,141.63
(245) Universitas Soreang 141,(193) RS Cirebon 133,26.66
(305) Wisata Subang 162,(347) Terminal Rancaekek 78,59.82
(270) Hotel Kuningan 155,(164) Terminal Majalengka 222,29.87
(48) Mall Garut 229,(334) Terminal Rancaekek 47,43.39
(373) Universitas Purwakarta 260,(167) Hotel Kuningan 315,82.41
(274) Mall Tasikmalaya 41,(287) Alun-Alun Lembang 346,2.35
(218) RS Al Islam,(148) Universitas Cirebon 258,21.85
(298) Bandung Indah Plaza,(396) RS Hermina,76.59
(214) Wisata Sumedang 353,(331) Wisata Cianjur 168,125.18
(81) Mall Subang 257,(42) Stasiun Cianjur 121,26.72
(94) Wisata Kuningan 117,(146) Stasiun Sumedang 51,20.61
(242) Hotel Purwakarta 225,(152) RS Kuningan 88,20.31
(39) Wisata Majalengka 289,(30) Terminal Bandung 230,130.2
(255) Hotel Lembang 57,(150) Terminal Cianjur 356,54.26
(294) Hotel Rancaekek 147,(313) RS Soreang 154,123.89
(363) RS Bandung 74,(237) Universitas Sumedang 63,119.32
(372) RS Lembang 337,(286) Wisata Soreang 215,136.82
(123) Mall Majalengka 190,(392) Wisata Indramayu 205,59.42
(224) RS Sumedang 105,(243) Terminal Purwakarta 351,119.58
(258) Terminal Rancaekek 33,(63) Universitas Cirebon 128,19.04
(123) Mall Majalengka 190,(397) Hotel Purwakarta 10,115.76
(362) Stasiun Subang 295,(359) RS Cimahi 119,71.66
(17) RS Lembang 319,(302) Alun-Alun Majalengka 1,68.9
(51) Mall Subang 192,(310) Terminal Bandung 109,85.49
(94) Wisata Kuningan 117,(387) Alun-Alun Rancaekek 218,62.17
(111) Mall Subang 138,(209) RS Kuningan 250,94.98
(362) Stasiun Subang 295,(315) Hotel Garut 143,125.6
(177) Stasiun Soreang 182,(14) Mall Cirebon 322,94.22
(285) RS Soreang 207,(253) Wisata Cianjur 316,70.7
(236) Wisata Rancaekek 89,(121) Terminal Bandung 96,110.41
(116) Terminal Cirebon 255,(199) Mall Subang 200,16.48
(71) Stasiun Soreang 281,(373) Universitas Purwakarta 260,86.79
(16) RS Santo Borromeus,(146) Stasiun Sumedang 51,36.24
(297) RS Soreang 93,(246) Terminal Majalengka 217,56.7
(395) Alun-Alun Kuningan 277,(18) Paskal Hyper Square,106.65
(2) RS Tasikmalaya 227,(137) Wisata Bandung 194,98.44
(122) Mall Cirebon 238,(341) Universitas Soreang 358,40.1
(369) Wisata Soreang 357,(124) Wisata Kuningan 270,106.58
(55) Wisata Tasikmalaya 176,(163) Mall Garut 20,141.1
(193) RS Cirebon 133,(281) Stasiun Kuningan 150,53.84
(70) Hotel Majalengka 331,(214) Wisata Sumedang 353,42.61
(323) Stasiun Kuningan 191,(55) Wisata Tasikmalaya 176,80.64
(222) Terminal Soreang 344,(15) Stasiun Tasikmalaya 19,88.68
(74) RS Cirebon 329,(196) Hotel Rancaekek 169,25.4
(169) Alun-Alun Indramayu 175,(364) Teras Cikapundung,21.94
(126) Mall Garut 26,(133) Hotel Kuningan 305,5.03
(163) Mall Garut 20,(291) Wisata Cirebon 87,117.5
(326) Hotel Garut 201,(27) Stasiun Cianjur 228,62.14
(303) Universitas Kuningan 75,(156) Alun-Alun Kuningan 302,119.12
(50) Gasibu,(245) Universitas Soreang 141,119.31
(77) Hotel Bandung 235,(156) Alun-Alun Kuningan 302,5.31
(365) Universitas Bandung 3,(286) Wisata Soreang 215,91.89
(217) RS Bandung 124,(101) RS Lembang 14,60.0
(11) Terminal Subang 291,(62) Hotel Purwakarta 185,140.34
(33) Stasiun Kiaracondong,(207) Terminal Sumedang 114,77.29
(339) Wisata Cianjur 283,(217) RS Bandung 124,58.73
(323) Stasiun Kuningan 191,(272) Wisata Garut 278,117.13
(125) Stasiun Subang 56,(35) Mall Tasikmalaya 276,32.45
(349) Terminal Lembang 12,(170) Mall Bandung 77,103.24
(245) Universitas Soreang 141,(166) RS Santosa Bandung,37.59
(210) Alun-Alun Sumedang 21,(383) Mall Indramayu 5,121.77
(65) Wisata Lembang 126,(279) Stasiun Kuningan 91,24.42
(82) Universitas Majalengka 253,(174) Mall Cianjur 236,8.1
(87) Universitas Garut 342,(7) Wisata Cimahi 8,145.45
(320) Stasiun Purwakarta 290,(209) RS Kuningan 250,43.48
(150) Terminal Cianjur 356,(343) Lapangan Tegalega,50.97
(255) Hotel Lembang 57,(326) Hotel Garut 201,99.2
(358) Universitas Garut 232,(114) Hotel Garut 312,67.35
(339) Wisata Cianjur 283,(57) RS Majalengka 153,11.44
(45) Terminal Subang 284,(291) Wisata Cirebon 87,149.68
(219) Terminal Garut 330,(305) Wisata Subang 162,66.36
(343) Lapangan Tegalega,(157) RS Bandung 161,96.04
(146) Stasiun Sumedang 51,(153) Terminal Cianjur 335,31.86
(179) Alun-Alun Kuningan 160,(162) Hotel Cirebon 156,116.34
(87) Universitas Garut 342,(176) Wisata Cirebon 306,100.48
(105) Hotel Cirebon 2,(375) Terminal Lembang 32,28.56
(163) Mall Garut 20,(93) Institut Teknologi Bandung,107.09
(21) Hotel Subang 339,(296) Alun-Alun Majalengka 158,108.27
(32) Universitas Indramayu 99,(170) Mall Bandung 77,113.08
(252) Universitas Purwakarta 209,(212) Hotel Sumedang 174,120.8
(365) Universitas Bandung 3,(189) Mall Subang 173,122.28
(71) Stasiun Soreang 281,(356) Wisata Garut 50,71.69
(303) Universitas Kuningan 75,(254) Stasiun Sumedang 320,10.63
(117) Mall Cimahi 275,(305) Wisata Subang 162,90.32
(161) Wisata Indramayu 58,(246) Terminal Majalengka 217,35.73
(355) RS Majalengka 261,(199) Mall Subang 200,73.71
(267) RS Hasan Sadikin,(331) Wisata Cianjur 168,122.28
(125) Stasiun Subang 56,(189) Mall Subang 173,74.9
(41) Alun-Alun Cimahi 139,(74) RS Cirebon 329,41.78
(368) Mall Tasikmalaya 70,(385) Wisata Tasikmalaya 35,37.22
(347) Terminal Rancaekek 78,(242) Hotel Purwakarta 225,53.93
(106) Mall Subang 129,(166) RS Santosa Bandung,114.55
(147) Stasiun Cianjur 347,(56) Hotel Soreang 60,116.38
(16) RS Santo Borromeus,(213) Wisata Cirebon 226,132.29
(212) Hotel Sumedang 174,(25) Hotel Purwakarta 216,66.23
(309) Hotel Soreang 69,(25) Hotel Purwakarta 216,140.34
(376) Mall Cirebon 159,(127) Mall Cirebon 85,6.18
(37) Hotel Kuningan 265,(69) Wisata Garut 187,1.23
(239) Alun-Alun Indramayu 206,(174) Mall Cianjur 236,56.21
(398) Wisata Bandung 318,(146) Stasiun Sumedang 51,102.64
(240) Hotel Garut 144,(207) Terminal Sumedang 114,110.04
(74) RS Cirebon 329,(111) Mall Subang 138,135.28
(200) Hotel Bandung 359,(107) Tahura Djuanda,76.67
(239) Alun-Alun Indramayu 206,(314) Dago Pakar,109.67
(288) Hotel Cirebon 188,(235) Mall Majalengka 148,19.77
(380) Hotel Rancaekek 256,(106) Mall Subang 129,20.46
(344) Terminal Cirebon 212,(243) Terminal Purwakarta 351,34.52
(182) Terminal Purwakarta 140,(230) Stasiun Rancaekek 266,146.6
(301) Hotel Cirebon 62,(174) Mall Cianjur 236,32.74
(166) RS Santosa Bandung,(51) Mall Subang 192,105.6
(358) Universitas Garut 232,(28) RS Garut 292,34.87
(59) Universitas Majalengka 280,(12) Stasiun Purwakarta 36,49.6
(224) RS Sumedang 105,(197) Alun-Alun Cirebon 116,119.54
(16) RS Santo Borromeus,(258) Terminal Rancaekek 33,133.99
(234) Alun-Alun Bandung,(159) Stasiun Lembang 11,3.68
(316) Alun-Alun Cianjur 294,(257) Dago Dreampark,122.63
(110) Mall Majalengka 272,(239) Alun-Alun Indramayu 206,53.99
(53) Museum Asia Afrika,(12) Stasiun Purwakarta 36,127.85
(302) Alun-Alun Majalengka 1,(126) Mall Garut 26,29.1
(143) Terminal Lembang 110,(64) Stasiun Kuningan 251,127.25
(99) Hotel Kuningan 90,(34) Terminal Cimahi 23,103.45
(2) RS Tasikmalaya 227,(168) Terminal Subang 317,49.73
(345) Mall Cimahi 134,(270) Hotel Kuningan 155,90.12
(59) Universitas Majalengka 280,(128) Stasiun Bandung,31.94
(232) RS Bandung 49,(15) Stasiun Tasikmalaya 19,28.52
(51) Mall Subang 192,(89) Mall Cirebon 244,123.4
(255) Hotel Lembang 57,(235) Mall Majalengka 148,118.95
(213) Wisata Cirebon 226,(118) Mall Tasikmalaya 136,141.56
(347) Terminal Rancaekek 78,(388) Stasiun Cirebon 52,6.64
(376) Mall Cirebon 159,(383) Mall Indramayu 5,26.67
(84) RS Rancaekek 137,(138) Alun-Alun Bandung 179,89.79
(74) RS Cirebon 329,(62) Hotel Purwakarta 185,119.38
(369) Wisata Soreang 357,(205) Alun-Alun Garut 307,50.0
(342) RS Purwakarta 354,(35) Mall Tasikmalaya 276,132.73
(319) RS Purwakarta 22,(142) RS Purwakarta 92,13.4
(382) Mall Indramayu 9,(340) Hotel Bandung 293,28.82
(159) Stasiun Lembang 11,(361) Wisata Lembang 6,130.26
(56) Hotel Soreang 60,(91) Stasiun Sumedang 59,138.01
(133) Hotel Kuningan 305,(107) Tahura Djuanda,73.6
(164) Terminal Majalengka 222,(389) Universitas Subang 15,138.14
(326) Hotel Garut 201,(56) Hotel Soreang 60,125.76
(190) Terminal Majalengka 61,(20) Wisata Lembang 223,59.85
(248) Wisata Rancaekek 67,(313) RS Soreang 154,127.6
(4) Kebun Binatang Bandung,(248) Wisata Rancaekek 67,130.88
(72) Universitas Indramayu 326,(311) RS Soreang 113,60.52
(194) RS Soreang 249,(177) Stasiun Soreang 182,127.34
(243) Terminal Purwakarta 351,(343) Lapangan Tegalega,7.65
(254) Stasiun Sumedang 320,(227) Mall Tasikmalaya 44,97.44
(144) Hotel Cianjur 297,(166) RS Santosa Bandung,2.14
(389) Universitas Subang 15,(66) Paris Van Java,50.5
(188) Hotel Lembang 221,(148) Universitas Cirebon 258,106.26
(375) Terminal Lembang 32,(122) Mall Cirebon 238,91.67
(287) Alun-Alun Lembang 346,(154) Alun-Alun Garut 42,99.11
(228) Mall Soreang 170,(280) Hotel Garut 142,30.18
(280) Hotel Garut 142,(70) Hotel Majalengka 331,41.02
(127) Mall Cirebon 85,(84) RS Rancaekek 137,75.31
(262) Wisata Sumedang 242,(335) Wisata Lembang 245,127.75
(157) RS Bandung 161,(19) Stasiun Cirebon 163,144.7
(29) RS Sumedang 343,(382) Mall Indramayu 9,106.97
(298) Bandung Indah Plaza,(224) RS Sumedang 105,48.84
(225) Alun-Alun Cimahi 248,(207) Terminal Sumedang 114,108.7
(87) Universitas Garut 342,(126) Mall Garut 26,55.7
(168) Terminal Subang 317,(184) Trans Studio Bandung,148.58
(48) Mall Garut 229,(289) Alun-Alun Soreang 203,72.24
(311) RS Soreang 113,(366) Hotel Garut 334,146.65
(336) Bandung Electronic Center,(37) Hotel Kuningan 265,26.27
(121) Terminal Bandung 96,(279) Stasiun Kuningan 91,92.46
(106) Mall Subang 129,(272) Wisata Garut 278,16.09
(276) Alun-Alun Cirebon 48,(252) Universitas Purwakarta 209,144.31
(201) Braga Citywalk,(10) Wisata Cirebon 274,96.69
(244) Alun-Alun Lembang 165,(15) Stasiun Tasikmalaya 19,76.34
(394) Hotel Bandung 25,(57) RS Majalengka 153,79.18
(232) RS Bandung 49,(121) Terminal Bandung 96,26.54
(339) Wisata Cianjur 283,(282) RS Bandung 82,24.54
(307) Alun-Alun Bandung 13,(22) Summarecon Mall Bandung,45.41
(58) RS Cianjur 123,(213) Wisata Cirebon 226,41.14
(393) RS Garut 171,(291) Wisata Cirebon 87,16.84
(45) Terminal Subang 284,(2) RS Tasikmalaya 227,147.88
(350) Stasiun Cimahi 115,(216) GBLA Stadium,31.93
(249) RS Sumedang 282,(194) RS Soreang 249,53.45
(46) Universitas Bandung 220,(334) Terminal Rancaekek 47,99.75
(226) Kings Shopping Center,(241) Museum Geologi,16.12
(202) Universitas Bandung 183,(368) Mall Tasikmalaya 70,109.13
(129) Universitas Garut 181,(371) Wisata Lembang 164,55.5
(98) Mall Cirebon 264,(289) Alun-Alun Soreang 203,24.21
(182) Terminal Purwakarta 140,(201) Braga Citywalk,46.96
(76) Universitas Tasikmalaya 98,(231) Universitas Cianjur 102,144.74
(105) Hotel Cirebon 2,(76) Universitas Tasikmalaya 98,104.86
(216) GBLA Stadium,(35) Mall Tasikmalaya 276,117.46
(284) Mall Soreang 231,(198) RS Subang 197,53.03
(195) Cihampelas Walk,(82) Universitas Majalengka 253,82.27
(161) Wisata Indramayu 58,(2) RS Tasikmalaya 227,37.5
(10) Wisata Cirebon 274,(36) Universitas Cianjur 18,66.47
(118) Mall Tasikmalaya 136,(387) Alun-Alun Rancaekek 218,132.8
(229) Kiara Artha Park,(340) Hotel Bandung 293,80.65
(366) Hotel Garut 334,(143) Terminal Lembang 110,124.08
(338) Universitas Sumedang 39,(138) Alun-Alun Bandung 179,146.7
(191) Wisata Rancaekek 112,(192) Hotel Tasikmalaya 184,32.15
(161) Wisata Indramayu 58,(184) Trans Studio Bandung,108.91
(244) Alun-Alun Lembang 165,(225) Alun-Alun Cimahi 248,140.54
(379) Wisata Cirebon 120,(237) Universitas Sumedang 63,18.62
(183) Universitas Purwakarta 350,(8) Hotel Lembang 285,11.88
(78) Stasiun Tasikmalaya 286,(34) Terminal Cimahi 23,67.49
(183) Universitas Purwakarta 350,(374) Universitas Subang 84,139.61
(185) Alun-Alun Majalengka 321,(182) Terminal Purwakarta 140,22.18
(17) RS Lembang 319,(308) Stasiun Cianjur 145,66.88
(199) Mall Subang 200,(373) Universitas Purwakarta 260,71.43
(340) Hotel Bandung 293,(142) RS Purwakarta 92,42.9
(326) Hotel Garut 201,(163) Mall Garut 20,110.87
(399) Hotel Garut 46,(343) Lapangan Tegalega,97.11
(332) Terminal Sumedang 193,(294) Hotel Rancaekek 147,51.09
(277) Alun-Alun Sumedang 311,(139) Hotel Garut 104,107.89
(145) Mall Cirebon 271,(65) Wisata Lembang 126,28.64
(156) Alun-Alun Kuningan 302,(14) Mall Cirebon 322,61.81
(271) Wisata Bandung 345,(149) Alun-Alun Garut 234,4.74
(98) Mall Cirebon 264,(170) Mall Bandung 77,42.66
(55) Wisata Tasikmalaya 176,(8) Hotel Lembang 285,147.77
(50) Gasibu,(380) Hotel Rancaekek 256,31.45
(394) Hotel Bandung 25,(335) Wisata Lembang 245,11.28
(220) Universitas Kuningan 308,(102) Universitas Sumedang 16,44.6
(394) Hotel Bandung 25,(95) Hotel Tasikmalaya 132,119.7
(233) Universitas Cianjur 94,(92) Hotel Cimahi 208,62.9
(292) Mall Cirebon 17,(69) Wisata Garut 187,53.86
(285) RS Soreang 207,(11) Terminal Subang 291,122.7
(136) RS Lembang 76,(259) Mall Subang 328,83.9
(315) Hotel Garut 143,(189) Mall Subang 173,11.21
(175) Mall Bandung 267,(341) Universitas Soreang 358,73.67
(290) Mall Tasikmalaya 43,(155) Gedung Sate,140.72
(15) Stasiun Tasikmalaya 19,(342) RS Purwakarta 354,71.94
(85) Hotel Garut 195,(307) Alun-Alun Bandung 13,65.0
(334) Terminal Rancaekek 47,(103) Mall Sumedang 106,124.49
(367) Terminal Purwakarta 100,(74) RS Cirebon 329,112.9
(89) Mall Cirebon 244,(221) Universitas Cimahi 157,31.11
(163) Mall Garut 20,(244) Alun-Alun Lembang 165,19.38
(241) Museum Geologi,(53) Museum Asia Afrika,10.0
(79) Hotel Bandung 202,(398) Wisata Bandung 318,49.6
(299) RS Bandung 111,(200) Hotel Bandung 359,27.03
(36) Universitas Cianjur 18,(173) Hotel Purwakarta 279,9.78
(89) Mall Cirebon 244,(14) Mall Cirebon 322,64.69
(122) Mall Cirebon 238,(260) Universitas Majalengka 53,17.56
(253) Wisata Cianjur 316,(41) Alun-Alun Cimahi 139,56.58
(397) Hotel Purwakarta 10,(238) Stasiun Cirebon 241,30.49
(308) Stasiun Cianjur 145,(270) Hotel Kuningan 155,140.44
(329) Alun-Alun Rancaekek 80,(114) Hotel Garut 312,40.79
(199) Mall Subang 200,(230) Stasiun Rancaekek 266,53.05
(359) RS Cimahi 119,(291) Wisata Cirebon 87,102.8
(29) RS Sumedang 343,(218) RS Al Islam,132.03
(67) Terminal Leuwipanjang,(353) Stasiun Bandung 37,107.91
(131) Hotel Cirebon 252,(107) Tahura Djuanda,133.35
(91) Stasiun Sumedang 59,(244) Alun-Alun Lembang 165,26.24
(371) Wisata Lembang 164,(258) Terminal Rancaekek 33,73.74
(102) Universitas Sumedang 16,(92) Hotel Cimahi 208,36.31
(37) Hotel Kuningan 265,(71) Stasiun Soreang 281,23.11
(380) Hotel Rancaekek 256,(252) Universitas Purwakarta 209,50.28
(68) Hotel Bandung 101,(355) RS Majalengka 261,62.77
(340) Hotel Bandung 293,(185) Alun-Alun Majalengka 321,137.34
(34) Terminal Cimahi 23,(4) Kebun Binatang Bandung,110.65
(81) Mall Subang 257,(56) Hotel Soreang 60,100.84
(126) Mall Garut 26,(322) Wisata Sumedang 314,108.97
(49) Terminal Majalengka 243,(223) Terminal Soreang 7,97.07
(393) RS Garut 171,(154) Alun-Alun Garut 42,99.42
(274) Mall Tasikmalaya 41,(283) Universitas Kuningan 263,26.01
(111) Mall Subang 138,(12) Stasiun Purwakarta 36,131.73
(239) Alun-Alun Indramayu 206,(56) Hotel Soreang 60,35.19
(62) Hotel Purwakarta 185,(103) Mall Sumedang 106,91.94
(36) Universitas Cianjur 18,(49) Terminal Majalengka 243,1.59
(74) RS Cirebon 329,(95) Hotel Tasikmalaya 132,83.47
(293) Alun-Alun Cirebon 131,(164) Terminal Majalengka 222,76.41
(41) Alun-Alun Cimahi 139,(184) Trans Studio Bandung,149.35
(270) Hotel Kuningan 155,(338) Universitas Sumedang 39,88.56
(227) Mall Tasikmalaya 44,(50) Gasibu,3.85
(85) Hotel Garut 195,(158) Wisata Subang 97,102.54
(68) Hotel Bandung 101,(51) Mall Subang 192,57.34
(68) Hotel Bandung 101,(183) Universitas Purwakarta 350,135.33
(364) Teras Cikapundung,(39) Wisata Majalengka 289,31.17
(304) Hotel Cirebon 340,(197) Alun-Alun Cirebon 116,44.64
(160) Bandung Trade Centre,(187) Hotel Subang 213,20.35
(253) Wisata Cianjur 316,(73) Alun-Alun Soreang 66,94.24
(277) Alun-Alun Sumedang 311,(395) Alun-Alun Kuningan 277,10.18
(77) Hotel Bandung 235,(116) Terminal Cirebon 255,39.95
(108) Universitas Kuningan 298,(119) Alun-Alun Garut 237,76.67
(393) RS Garut 171,(13) Terminal Sumedang 189,75.3
(233) Universitas Cianjur 94,(135) Stasiun Purwakarta 178,26.64
(128) Stasiun Bandung,(89) Mall Cirebon 244,140.59
(392) Wisata Indramayu 205,(61) Wisata Rancaekek 336,10.35
(317) Terminal Purwakarta 310,(115) Universitas Lembang 65,51.59
(24) Mall Purwakarta 79,(387) Alun-Alun Rancaekek 218,119.62
(65) Wisata Lembang 126,(229) Kiara Artha Park,12.5
(147) Stasiun Cianjur 347,(113) Alun-Alun Indramayu 55,83.92
(54) Hotel Garut 313,(130) Mall Cimahi 31,72.45
(254) Stasiun Sumedang 320,(117) Mall Cimahi 275,20.75
(98) Mall Cirebon 264,(316) Alun-Alun Cianjur 294,69.13
(251) Hotel Bandung 268,(219) Terminal Garut 330,116.05
(264) Universitas Subang 239,(12) Stasiun Purwakarta 36,99.36
(266) Terminal Cicaheum,(120) Wisata Majalengka 166,102.11
(374) Universitas Subang 84,(137) Wisata Bandung 194,148.48
(62) Hotel Purwakarta 185,(96) Mall Lembang 40,106.67
(82) Universitas Majalengka 253,(216) GBLA Stadium,90.62
(24) Mall Purwakarta 79,(98) Mall Cirebon 264,112.89
(393) RS Garut 171,(192) Hotel Tasikmalaya 184,39.87
(132) Terminal Indramayu 146,(97) Alun-Alun Cimahi 196,62.05
(288) Hotel Cirebon 188,(223) Terminal Soreang 7,140.03
(312) Universitas Telkom,(44) Terminal Garut 325,102.05
(391) Wisata Indramayu 34,(160) Bandung Trade Centre,63.04
(201) Braga Citywalk,(354) Alun-Alun Kuningan 38,33.87
(303) Universitas Kuningan 75,(149) Alun-Alun Garut 234,8.42
(203) Wisata Cimahi 246,(66) Paris Van Java,62.81
(161) Wisata Indramayu 58,(394) Hotel Bandung 25,18.53
(87) Universitas Garut 342,(39) Wisata Majalengka 289,138.05
(340) Hotel Bandung 293,(43) Wisata Rancaekek 28,99.49
(211) Stasiun Cimahi 135,(334) Terminal Rancaekek 47,48.25
(2) RS Tasikmalaya 227,(116) Terminal Cirebon 255,2.21
(338) Universitas Sumedang 39,(167) Hotel Kuningan 315,128.36
(43) Wisata Rancaekek 28,(247) Alun-Alun Soreang 254,129.67
(136) RS Lembang 76,(296) Alun-Alun Majalengka 158,6.82
(5) Masjid Raya Bandung,(111) Mall Subang 138,74.61
(70) Hotel Majalengka 331,(293) Alun-Alun Cirebon 131,143.22
(273) RS Soreang 27,(4) Kebun Binatang Bandung,96.29
(52) Mall Purwakarta 300,(208) Hotel Cimahi 323,106.4
(235) Mall Majalengka 148,(108) Universitas Kuningan 298,135.88
(183) Universitas Purwakarta 350,(387) Alun-Alun Rancaekek 218,87.21
(368) Mall Tasikmalaya 70,(146) Stasiun Sumedang 51,41.41
(10) Wisata Cirebon 274,(20) Wisata Lembang 223,136.57
(304) Hotel Cirebon 340,(100) Curug Dago,99.89
(151) Terminal Garut 54,(398) Wisata Bandung 318,148.23
(26) Mall Kuningan 219,(267) RS Hasan Sadikin,140.66
(4) Kebun Binatang Bandung,(53) Museum Asia Afrika,77.24
(185) Alun-Alun Majalengka 321,(270) Hotel Kuningan 155,94.48
(69) Wisata Garut 187,(120) Wisata Majalengka 166,74.49
(61) Wisata Rancaekek 336,(359) RS Cimahi 119,126.01
(239) Alun-Alun Indramayu 206,(299) RS Bandung 111,100.43
(222) Terminal Soreang 344,(28) RS Garut 292,127.63
(9) Mall Cianjur 332,(166) RS Santosa Bandung,86.55
(217) RS Bandung 124,(356) Wisata Garut 50,141.76
(321) Mall Indramayu 73,(308) Stasiun Cianjur 145,39.01
(21) Hotel Subang 339,(192) Hotel Tasikmalaya 184,97.39
(52) Mall Purwakarta 300,(342) RS Purwakarta 354,24.46
(16) RS Santo Borromeus,(378) Stasiun Soreang 211,65.48
(179) Alun-Alun Kuningan 160,(100) Curug Dago,66.09
(155) Gedung Sate,(267) RS Hasan Sadikin,99.89
(37) Hotel Kuningan 265,(201) Braga Citywalk,83.12
(27) Stasiun Cianjur 228,(385) Wisata Tasikmalaya 35,45.67
(110) Mall Majalengka 272,(248) Wisata Rancaekek 67,82.54
(277) Alun-Alun Sumedang 311,(249) RS Sumedang 282,111.04
(342) RS Purwakarta 354,(117) Mall Cimahi 275,62.66
(346) RS Cirebon 95,(249) RS Sumedang 282,76.53
(279) Stasiun Kuningan 91,(345) Mall Cimahi 134,13.94
(392) Wisata Indramayu 205,(344) Terminal Cirebon 212,107.35
(30) Terminal Bandung 230,(67) Terminal Leuwipanjang,122.73
(317) Terminal Purwakarta 310,(209) RS Kuningan 250,129.16
(199) Mall Subang 200,(168) Terminal Subang 317,74.93
(58) RS Cianjur 123,(188) Hotel Lembang 221,123.8
(83) Universitas Rancaekek 149,(78) Stasiun Tasikmalaya 286,120.88
(101) RS Lembang 14,(80) Wisata Cimahi 224,117.52
(73) Alun-Alun Soreang 66,(83) Universitas Rancaekek 149,127.11
(69) Wisata Garut 187,(155) Gedung Sate,96.18
(59) Universitas Majalengka 280,(109) Universitas Garut 259,115.18
(261) RS Majalengka 72,(144) Hotel Cianjur 297,129.71
(84) RS Rancaekek 137,(280) Hotel Garut 142,104.88
(272) Wisata Garut 278,(89) Mall Cirebon 244,147.22
(254) Stasiun Sumedang 320,(164) Terminal Majalengka 222,77.65
(235) Mall Majalengka 148,(63) Universitas Cirebon 128,111.84
(156) Alun-Alun Kuningan 302,(10) Wisata Cirebon 274,58.18
(173) Hotel Purwakarta 279,(228) Mall Soreang 170,28.06
(121) Terminal Bandung 96,(236) Wisata Rancaekek 89,42.49
(368) Mall Tasikmalaya 70,(37) Hotel Kuningan 265,123.85
(367) Terminal Purwakarta 100,(264) Universitas Subang 239,52.59
(24) Mall Purwakarta 79,(98) Mall Cirebon 264,121.2
(275) Universitas Padjadjaran,(227) Mall Tasikmalaya 44,26.26
(298) Bandung Indah Plaza,(394) Hotel Bandung 25,54.19
(202) Universitas Bandung 183,(359) RS Cimahi 119,85.06
(281) Stasiun Kuningan 150,(230) Stasiun Rancaekek 266,105.24
(241) Museum Geologi,(362) Stasiun Subang 295,65.66
(283) Universitas Kuningan 263,(345) Mall Cimahi 134,141.8
(103) Mall Sumedang 106,(29) RS Sumedang 343,114.53
(228) Mall Soreang 170,(267) RS Hasan Sadikin,59.1
(43) Wisata Rancaekek 28,(124) Wisata Kuningan 270,13.96
(37) Hotel Kuningan 265,(156) Alun-Alun Kuningan 302,47.94
(272) Wisata Garut 278,(271) Wisata Bandung 345,40.15
(334) Terminal Rancaekek 47,(378) Stasiun Soreang 211,2.53
(111) Mall Subang 138,(201) Braga Citywalk,19.24
(200) Hotel Bandung 359,(252) Universitas Purwakarta 209,39.04
(37) Hotel Kuningan 265,(41) Alun-Alun Cimahi 139,86.12
(224) RS Sumedang 105,(46) Universitas Bandung 220,34.92
(369) Wisata Soreang 357,(297) RS Soreang 93,92.49
(176) Wisata Cirebon 306,(155) Gedung Sate,126.7
(75) Babakan Siliwangi,(375) Terminal Lembang 32,32.63
(21) Hotel Subang 339,(185) Alun-Alun Majalengka 321,42.78
(298) Bandung Indah Plaza,(75) Babakan Siliwangi,123.59
(161) Wisata Indramayu 58,(98) Mall Cirebon 264,86.85
(190) Terminal Majalengka 61,(93) Institut Teknologi Bandung,75.69
(42) Stasiun Cianjur 121,(264) Universitas Subang 239,52.07
(153) Terminal Cianjur 335,(131) Hotel Cirebon 252,113.96
(19) Stasiun Cirebon 163,(392) Wisata Indramayu 205,79.16
(112) Stasiun Kuningan 64,(229) Kiara Artha Park,94.66
(130) Mall Cimahi 31,(205) Alun-Alun Garut 307,111.14
(63) Universitas Cirebon 128,(344) Terminal Cirebon 212,65.05
(190) Terminal Majalengka 61,(226) Kings Shopping Center,145.02
(56) Hotel Soreang 60,(145) Mall Cirebon 271,39.1
(295) Hotel Subang 199,(285) RS Soreang 207,87.35
(186) Stasiun Cimahi 349,(75) Babakan Siliwangi,48.58
(332) Terminal Sumedang 193,(275) Universitas Padjadjaran,86.45
(234) Alun-Alun Bandung,(55) Wisata Tasikmalaya 176,72.54
(12) Stasiun Purwakarta 36,(365) Universitas Bandung 3,5.02
(159) Stasiun Lembang 11,(299) RS Bandung 111,95.45
(170) Mall Bandung 77,(149) Alun-Alun Garut 234,39.65
(176) Wisata Cirebon 306,(352) Terminal Kuningan 324,115.9
(316) Alun-Alun Cianjur 294,(19) Stasiun Cirebon 163,38.94
(305) Wisata Subang 162,(4) Kebun Binatang Bandung,139.97
(275) Universitas Padjadjaran,(82) Universitas Majalengka 253,3.85
(123) Mall Majalengka 190,(25) Hotel Purwakarta 216,50.43
(327) Wisata Soreang 4,(134) Universitas Cirebon 269,140.51
(262) Wisata Sumedang 242,(127) Mall Cirebon 85,108.88
(124) Wisata Kuningan 270,(48) Mall Garut 229,126.73
(284) Mall Soreang 231,(310) Terminal Bandung 109,63.48
(91) Stasiun Sumedang 59,(60) Universitas Tasikmalaya 299,63.37
(139) Hotel Garut 104,(191) Wisata Rancaekek 112,21.71
(305) Wisata Subang 162,(238) Stasiun Cirebon 241,114.48
(330) RS Bandung 125,(60) Universitas Tasikmalaya 299,108.16
(117) Mall Cimahi 275,(230) Stasiun Rancaekek 266,121.09
(23) Wisata Indramayu 45,(348) Alun-Alun Rancaekek 288,57.96
(237) Universitas Sumedang 63,(280) Hotel Garut 142,63.08
(292) Mall Cirebon 17,(59) Universitas Majalengka 280,98.33
(68) Hotel Bandung 101,(241) Museum Geologi,111.48
(311) RS Soreang 113,(74) RS Cirebon 329,34.71
(257) Dago Dreampark,(250) Stasiun Cimahi 86,3.49
(259) Mall Subang 328,(60) Universitas Tasikmalaya 299,78.38
(82) Universitas Majalengka 253,(236) Wisata Rancaekek 89,42.64
(375) Terminal Lembang 32,(47) Alun-Alun Bandung 122,100.16
(248) Wisata Rancaekek 67,(343) Lapangan Tegalega,113.81
(242) Hotel Purwakarta 225,(111) Mall Subang 138,33.79
(215) Hotel Kuningan 107,(12) Stasiun Purwakarta 36,51.32
(251) Hotel Bandung 268,(269) Stasiun Kuningan 327,80.52
(55) Wisata Tasikmalaya 176,(261) RS Majalengka 72,45.94
(357) Alun-Alun Cirebon 29,(284) Mall Soreang 231,101.68
(137) Wisata Bandung 194,(223) Terminal Soreang 7,100.15
(235) Mall Majalengka 148,(383) Mall Indramayu 5,141.05
(232) RS Bandung 49,(56) Hotel Soreang 60,14.21
(264) Universitas Subang 239,(149) Alun-Alun Garut 234,127.98
(335) Wisata Lembang 245,(268) Mall Indramayu 303,36.64
(391) Wisata Indramayu 34,(152) RS Kuningan 88,69.07
(375) Terminal Lembang 32,(237) Universitas Sumedang 63,24.91
(304) Hotel Cirebon 340,(19) Stasiun Cirebon 163,44.3
(95) Hotel Tasikmalaya 132,(111) Mall Subang 138,15.77
(307) Alun-Alun Bandung 13,(191) Wisata Rancaekek 112,52.68
(21) Hotel Subang 339,(281) Stasiun Kuningan 150,80.19
(314) Dago Pakar,(269) Stasiun Kuningan 327,102.87
(89) Mall Cirebon 244,(277) Alun-Alun Sumedang 311,53.98
(98) Mall Cirebon 264,(35) Mall Tasikmalaya 276,129.04
(3) Stasiun Subang 296,(181) Alun-Alun Garut 204,45.59
(241) Museum Geologi,(34) Terminal Cimahi 23,57.68
(322) Wisata Sumedang 314,(397) Hotel Purwakarta 10,26.23
(68) Hotel Bandung 101,(250) Stasiun Cimahi 86,67.23
(153) Terminal Cianjur 335,(134) Universitas Cirebon 269,1.32
(347) Terminal Rancaekek 78,(63) Universitas Cirebon 128,124.54
(315) Hotel Garut 143,(119) Alun-Alun Garut 237,26.1
(84) RS Rancaekek 137,(361) Wisata Lembang 6,131.88
(35) Mall Tasikmalaya 276,(154) Alun-Alun Garut 42,56.2
(5) Masjid Raya Bandung,(124) Wisata Kuningan 270,11.29
(344) Terminal Cirebon 212,(38) Stasiun Kuningan 309,20.69
(184) Trans Studio Bandung,(72) Universitas Indramayu 326,85.51
(21) Hotel Subang 339,(248) Wisata Rancaekek 67,83.3
(37) Hotel Kuningan 265,(248) Wisata Rancaekek 67,146.73
(198) RS Subang 197,(389) Universitas Subang 15,66.81
(181) Alun-Alun Garut 204,(155) Gedung Sate,17.3
(77) Hotel Bandung 235,(335) Wisata Lembang 245,43.85
(341) Universitas Soreang 358,(329) Alun-Alun Rancaekek 80,65.51
(261) RS Majalengka 72,(269) Stasiun Kuningan 327,40.01
(110) Mall Majalengka 272,(40) Universitas Indramayu 287,34.27
(160) Bandung Trade Centre,(187) Hotel Subang 213,15.81
(333) Stasiun Tasikmalaya 348,(201) Braga Citywalk,119.28
(114) Hotel Garut 312,(172) Alun-Alun Rancaekek 103,144.88
(71) Stasiun Soreang 281,(108) Universitas Kuningan 298,38.29
(266) Terminal Cicaheum,(158) Wisata Subang 97,127.17
(171) Terminal Subang 214,(226) Kings Shopping Center,7.05
(176) Wisata Cirebon 306,(173) Hotel Purwakarta 279,89.07
(364) Teras Cikapundung,(158) Wisata Subang 97,23.11
(373) Universitas Purwakarta 260,(351) Wisata Cianjur 151,30.93
(372) RS Lembang 337,(325) Universitas Purwakarta 81,128.43
(341) Universitas Soreang 358,(238) Stasiun Cirebon 241,125.94
(248) Wisata Rancaekek 67,(269) Stasiun Kuningan 327,148.76
(158) Wisata Subang 97,(348) Alun-Alun Rancaekek 288,42.11
(268) Mall Indramayu 303,(290) Mall Tasikmalaya 43,126.09
(280) Hotel Garut 142,(204) RS Garut 333,137.77
(306) Mall Indramayu 304,(164) Terminal Majalengka 222,99.99
(361) Wisata Lembang 6,(141) Hotel Kuningan 262,50.08
(110) Mall Majalengka 272,(36) Universitas Cianjur 18,141.8
(83) Universitas Rancaekek 149,(135) Stasiun Purwakarta 178,132.24
(104) RS Sumedang 240,(153) Terminal Cianjur 335,10.82
(274) Mall Tasikmalaya 41,(258) Terminal Rancaekek 33,22.91
(5) Masjid Raya Bandung,(327) Wisata Soreang 4,9.11
(237) Universitas Sumedang 63,(46) Universitas Bandung 220,1.72
(165) Stasiun Cirebon 186,(335) Wisata Lembang 245,31.57
(104) RS Sumedang 240,(40) Universitas Indramayu 287,73.28
(372) RS Lembang 337,(32) Universitas Indramayu 99,32.78
(148) Universitas Cirebon 258,(265) Stasiun Cimahi 24,12.91
(281) Stasiun Kuningan 150,(180) Wisata Lembang 71,100.69
(25) Hotel Purwakarta 216,(183) Universitas Purwakarta 350,41.57
(107) Tahura Djuanda,(65) Wisata Lembang 126,65.76
(142) RS Purwakarta 92,(210) Alun-Alun Sumedang 21,52.22
(6) RS Cimahi 108,(35) Mall Tasikmalaya 276,58.5
(326) Hotel Garut 201,(141) Hotel Kuningan 262,10.43
(334) Terminal Rancaekek 47,(185) Alun-Alun Majalengka 321,23.91
(245) Universitas Soreang 141,(349) Terminal Lembang 12,57.71
(246) Terminal Majalengka 217,(367) Terminal Purwakarta 100,132.87
(29) RS Sumedang 343,(319) RS Purwakarta 22,12.06
(332) Terminal Sumedang 193,(115) Universitas Lembang 65,80.16
(363) RS Bandung 74,(338) Universitas Sumedang 39,93.63
(338) Universitas Sumedang 39,(278) Alun-Alun Cirebon 247,145.08
(308) Stasiun Cianjur 145,(219) Terminal Garut 330,65.34
(227) Mall Tasikmalaya 44,(347) Terminal Rancaekek 78,29.89
(208) Hotel Cimahi 323,(359) RS Cimahi 119,103.92
(396) RS Hermina,(317) Terminal Purwakarta 310,138.65
(302) Alun-Alun Majalengka 1,(94) Wisata Kuningan 117,126.05
(113) Alun-Alun Indramayu 55,(189) Mall Subang 173,63.11
(397) Hotel Purwakarta 10,(135) Stasiun Purwakarta 178,18.66
(133) Hotel Kuningan 305,(383) Mall Indramayu 5,144.82
(209) RS Kuningan 250,(392) Wisata Indramayu 205,101.74
(60) Universitas Tasikmalaya 299,(80) Wisata Cimahi 224,8.71
(136) RS Lembang 76,(307) Alun-Alun Bandung 13,87.03
(243) Terminal Purwakarta 351,(98) Mall Cirebon 264,108.21
(299) RS Bandung 111,(170) Mall Bandung 77,43.66
(281) Stasiun Kuningan 150,(341) Universitas Soreang 358,88.86
(223) Terminal Soreang 7,(77) Hotel Bandung 235,133.37
(328) Stasiun Indramayu 167,(16) RS Santo Borromeus,31.67
(116) Terminal Cirebon 255,(285) RS Soreang 207,117.92
(135) Stasiun Purwakarta 178,(354) Alun-Alun Kuningan 38,48.2
(335) Wisata Lembang 245,(83) Universitas Rancaekek 149,33.86
(285) RS Soreang 207,(353) Stasiun Bandung 37,16.35
(34) Terminal Cimahi 23,(214) Wisata Sumedang 353,19.71
(22) Summarecon Mall Bandung,(51) Mall Subang 192,126.72
(115) Universitas Lembang 65,(81) Mall Subang 257,30.93
(372) RS Lembang 337,(101) RS Lembang 14,127.96
(390) Stasiun Cimahi 338,(247) Alun-Alun Soreang 254,67.13
(395) Alun-Alun Kuningan 277,(388) Stasiun Cirebon 52,75.49
(275) Universitas Padjadjaran,(266) Terminal Cicaheum,132.78
(385) Wisata Tasikmalaya 35,(98) Mall Cirebon 264,134.11
(82) Universitas Majalengka 253,(334) Terminal Rancaekek 47,125.89
(13) Terminal Sumedang 189,(394) Hotel Bandung 25,35.87
(146) Stasiun Sumedang 51,(330) RS Bandung 125,25.67
(135) Stasiun Purwakarta 178,(292) Mall Cirebon 17,14.77
(222) Terminal Soreang 344,(129) Universitas Garut 181,101.25
(5) Masjid Raya Bandung,(130) Mall Cimahi 31,147.62
(321) Mall Indramayu 73,(119) Alun-Alun Garut 237,70.27
(264) Universitas Subang 239,(138) Alun-Alun Bandung 179,141.91
(217) RS Bandung 124,(358) Universitas Garut 232,63.07
(234) Alun-Alun Bandung,(321) Mall Indramayu 73,68.31
(47) Alun-Alun Bandung 122,(344) Terminal Cirebon 212,136.56
(90) Hotel Tasikmalaya 301,(270) Hotel Kuningan 155,100.51
(103) Mall Sumedang 106,(299) RS Bandung 111,95.94
(194) RS Soreang 249,(330) RS Bandung 125,111.13
(49) Terminal Majalengka 243,(189) Mall Subang 173,57.62
(272) Wisata Garut 278,(392) Wisata Indramayu 205,59.15
(136) RS Lembang 76,(105) Hotel Cirebon 2,29.91
(190) Terminal Majalengka 61,(178) Stasiun Tasikmalaya 210,12.66
(374) Universitas Subang 84,(46) Universitas Bandung 220,37.78
(181) Alun-Alun Garut 204,(368) Mall Tasikmalaya 70,108.19
(228) Mall Soreang 170,(310) Terminal Bandung 109,53.86
(316) Alun-Alun Cianjur 294,(278) Alun-Alun Cirebon 247,47.97
(172) Alun-Alun Rancaekek 103,(305) Wisata Subang 162,107.84
(267) RS Hasan Sadikin,(42) Stasiun Cianjur 121,30.88
(293) Alun-Alun Cirebon 131,(309) Hotel Soreang 69,91.87
(236) Wisata Rancaekek 89,(243) Terminal Purwakarta 351,10.08
(154) Alun-Alun Garut 42,(253) Wisata Cianjur 316,138.75
(189) Mall Subang 173,(69) Wisata Garut 187,129.73
(6) RS Cimahi 108,(59) Universitas Majalengka 280,57.43
(175) Mall Bandung 267,(291) Wisata Cirebon 87,38.45
(309) Hotel Soreang 69,(128) Stasiun Bandung,80.72
(178) Stasiun Tasikmalaya 210,(390) Stasiun Cimahi 338,52.64
(31) Wisata Cianjur 68,(109) Universitas Garut 259,97.28
(180) Wisata Lembang 71,(167) Hotel Kuningan 315,127.41
(96) Mall Lembang 40,(61) Wisata Rancaekek 336,93.87
(124) Wisata Kuningan 270,(255) Hotel Lembang 57,2.36
(296) Alun-Alun Majalengka 158,(370) Hotel Lembang 30,1.69
(267) RS Hasan Sadikin,(160) Bandung Trade Centre,66.62
(374) Universitas Subang 84,(98) Mall Cirebon 264,28.51
(105) Hotel Cirebon 2,(173) Hotel Purwakarta 279,66.22
(38) Stasiun Kuningan 309,(16) RS Santo Borromeus,51.5
(206) Universitas Sumedang 273,(105) Hotel Cirebon 2,135.41
(119) Alun-Alun Garut 237,(391) Wisata Indramayu 34,128.58
(326) Hotel Garut 201,(209) RS Kuningan 250,29.62
(269) Stasiun Kuningan 327,(258) Terminal Rancaekek 33,77.28
(212) Hotel Sumedang 174,(117) Mall Cimahi 275,19.34
(12) Stasiun Purwakarta 36,(187) Hotel Subang 213,124.52
(273) RS Soreang 27,(270) Hotel Kuningan 155,23.47
(116) Terminal Cirebon 255,(163) Mall Garut 20,100.08
(114) Hotel Garut 312,(302) Alun-Alun Majalengka 1,97.56
(222) Terminal Soreang 344,(275) Universitas Padjadjaran,108.15
(231) Universitas Cianjur 102,(95) Hotel Tasikmalaya 132,109.38
(78) Stasiun Tasikmalaya 286,(153) Terminal Cianjur 335,148.3
(334) Terminal Rancaekek 47,(10) Wisata Cirebon 274,100.92
(44) Terminal Garut 325,(218) RS Al Islam,27.27
(142) RS Purwakarta 92,(139) Hotel Garut 104,142.43
(176) Wisata Cirebon 306,(366) Hotel Garut 334,87.74
(32) Universitas Indramayu 99,(284) Mall Soreang 231,127.76
(395) Alun-Alun Kuningan 277,(261) RS Majalengka 72,61.43
(81) Mall Subang 257,(304) Hotel Cirebon 340,102.81
(170) Mall Bandung 77,(338) Universitas Sumedang 39,124.15
(265) Stasiun Cimahi 24,(342) RS Purwakarta 354,61.91
(29) RS Sumedang 343,(313) RS Soreang 154,136.46
(359) RS Cimahi 119,(58) RS Cianjur 123,120.7
(276) Alun-Alun Cirebon 48,(364) Teras Cikapundung,42.26
(195) Cihampelas Walk,(218) RS Al Islam,132.72
(308) Stasiun Cianjur 145,(225) Alun-Alun Cimahi 248,75.5
(221) Universitas Cimahi 157,(289) Alun-Alun Soreang 203,70.33
(297) RS Soreang 93,(4) Kebun Binatang Bandung,11.08
(103) Mall Sumedang 106,(256) Hotel Cimahi 152,106.51
(191) Wisata Rancaekek 112,(138) Alun-Alun Bandung 179,15.46
(84) RS Rancaekek 137,(263) RS Cirebon 177,88.68
(163) Mall Garut 20,(135) Stasiun Purwakarta 178,88.07
(280) Hotel Garut 142,(321) Mall Indramayu 73,130.25
(14) Mall Cirebon 322,(308) Stasiun Cianjur 145,122.98
(331) Wisata Cianjur 168,(109) Universitas Garut 259,125.71
(296) Alun-Alun Majalengka 158,(21) Hotel Subang 339,115.29
(169) Alun-Alun Indramayu 175,(125) Stasiun Subang 56,28.85
(246) Terminal Majalengka 217,(23) Wisata Indramayu 45,46.5
(307) Alun-Alun Bandung 13,(389) Universitas Subang 15,57.97
(174) Mall Cianjur 236,(204) RS Garut 333,19.21
(377) Wisata Cimahi 130,(127) Mall Cirebon 85,41.47
(127) Mall Cirebon 85,(336) Bandung Electronic Center,127.55
(131) Hotel Cirebon 252,(302) Alun-Alun Majalengka 1,7.91
(251) Hotel Bandung 268,(32) Universitas Indramayu 99,79.13
(69) Wisata Garut 187,(385) Wisata Tasikmalaya 35,84.16
(153) Terminal Cianjur 335,(21) Hotel Subang 339,101.17
(211) Stasiun Cimahi 135,(200) Hotel Bandung 359,125.09
(272) Wisata Garut 278,(221) Universitas Cimahi 157,98.74
(398) Wisata Bandung 318,(141) Hotel Kuningan 262,33.51
(29) RS Sumedang 343,(116) Terminal Cirebon 255,79.45
(118) Mall Tasikmalaya 136,(15) Stasiun Tasikmalaya 19,32.49
(41) Alun-Alun Cimahi 139,(70) Hotel Majalengka 331,131.94
(238) Stasiun Cirebon 241,(23) Wisata Indramayu 45,144.23
(315) Hotel Garut 143,(308) Stasiun Cianjur 145,132.47
(92) Hotel Cimahi 208,(146) Stasiun Sumedang 51,78.87
(20) Wisata Lembang 223,(379) Wisata Cirebon 120,100.6
(136) RS Lembang 76,(338) Universitas Sumedang 39,99.29
(91) Stasiun Sumedang 59,(85) Hotel Garut 195,42.68
(242) Hotel Purwakarta 225,(260) Universitas Majalengka 53,96.66
(122) Mall Cirebon 238,(375) Terminal Lembang 32,119.11
(355) RS Majalengka 261,(106) Mall Subang 129,110.46
(121) Terminal Bandung 96,(345) Mall Cimahi 134,141.79
(111) Mall Subang 138,(74) RS Cirebon 329,40.79
(188) Hotel Lembang 221,(25) Hotel Purwakarta 216,32.19
(354) Alun-Alun Kuningan 38,(203) Wisata Cimahi 246,75.64
(42) Stasiun Cianjur 121,(95) Hotel Tasikmalaya 132,86.64
(198) RS Subang 197,(377) Wisata Cimahi 130,146.33
(61) Wisata Rancaekek 336,(74) RS Cirebon 329,94.11
(178) Stasiun Tasikmalaya 210,(353) Stasiun Bandung 37,119.48
(124) Wisata Kuningan 270,(336) Bandung Electronic Center,129.03
(223) Terminal Soreang 7,(200) Hotel Bandung 359,58.55
(200) Hotel Bandung 359,(298) Bandung Indah Plaza,58.24
(165) Stasiun Cirebon 186,(134) Universitas Cirebon 269,16.14
(65) Wisata Lembang 126,(218) RS Al Islam,41.54
(61) Wisata Rancaekek 336,(399) Hotel Garut 46,142.66
(201) Braga Citywalk,(279) Stasiun Kuningan 91,58.95
(194) RS Soreang 249,(241) Museum Geologi,84.53
(197) Alun-Alun Cirebon 116,(233) Universitas Cianjur 94,95.94
(115) Universitas Lembang 65,(367) Terminal Purwakarta 100,109.96
(272) Wisata Garut 278,(322) Wisata Sumedang 314,50.37
(140) Festival Citylink,(291) Wisata Cirebon 87,134.46
(151) Terminal Garut 54,(155) Gedung Sate,85.21
(340) Hotel Bandung 293,(215) Hotel Kuningan 107,99.36
(17) RS Lembang 319,(207) Terminal Sumedang 114,83.79
(0) Wisata Purwakarta 118,(226) Kings Shopping Center,145.02
(156) Alun-Alun Kuningan 302,(302) Alun-Alun Majalengka 1,52.2
(97) Alun-Alun Cimahi 196,(175) Mall Bandung 267,108.63
(30) Terminal Bandung 230,(177) Stasiun Soreang 182,122.48
(92) Hotel Cimahi 208,(138) Alun-Alun Bandung 179,142.58
(150) Terminal Cianjur 356,(295) Hotel Subang 199,90.12
(266) Terminal Cicaheum,(112) Stasiun Kuningan 64,2.72
(322) Wisata Sumedang 314,(144) Hotel Cianjur 297,108.41
(356) Wisata Garut 50,(26) Mall Kuningan 219,97.58
(290) Mall Tasikmalaya 43,(327) Wisata Soreang 4,134.87
(45) Terminal Subang 284,(136) RS Lembang 76,123.57
(325) Universitas Purwakarta 81,(153) Terminal Cianjur 335,45.73
(137) Wisata Bandung 194,(48) Mall Garut 229,96.81
(119) Alun-Alun Garut 237,(347) Terminal Rancaekek 78,81.58
(176) Wisata Cirebon 306,(9) Mall Cianjur 332,118.96
(121) Terminal Bandung 96,(307) Alun-Alun Bandung 13,84.21
(357) Alun-Alun Cirebon 29,(128) Stasiun Bandung,102.44
(379) Wisata Cirebon 120,(79) Hotel Bandung 202,148.04
(392) Wisata Indramayu 205,(338) Universitas Sumedang 39,91.4
(381) Universitas Rancaekek 341,(325) Universitas Purwakarta 81,57.35
(229) Kiara Artha Park,(157) RS Bandung 161,118.11
(294) Hotel Rancaekek 147,(90) Hotel Tasikmalaya 301,60.0
(139) Hotel Garut 104,(201) Braga Citywalk,82.12
(95) Hotel Tasikmalaya 132,(35) Mall Tasikmalaya 276,43.97
(1) Alun-Alun Tasikmalaya 355,(275) Universitas Padjadjaran,20.08
(355) RS Majalengka 261,(319) RS Purwakarta 22,4.4
(221) Universitas Cimahi 157,(108) Universitas Kuningan 298,84.02
(372) RS Lembang 337,(394) Hotel Bandung 25,144.44
(321) Mall Indramayu 73,(394) Hotel Bandung 25,135.74
(51) Mall Subang 192,(373) Universitas Purwakarta 260,148.18
(67) Terminal Leuwipanjang,(92) Hotel Cimahi 208,24.34
(368) Mall Tasikmalaya 70,(86) Mall Cirebon 83,123.65
(93) Institut Teknologi Bandung,(95) Hotel Tasikmalaya 132,80.5
(232) RS Bandung 49,(268) Mall Indramayu 303,74.76
(119) Alun-Alun Garut 237,(313) RS Soreang 154,93.7
(69) Wisata Garut 187,(24) Mall Purwakarta 79,46.56
(58) RS Cianjur 123,(350) Stasiun Cimahi 115,115.19
(89) Mall Cirebon 244,(357) Alun-Alun Cirebon 29,68.23
(178) Stasiun Tasikmalaya 210,(240) Hotel Garut 144,25.76
(210) Alun-Alun Sumedang 21,(215) Hotel Kuningan 107,142.05
(328) Stasiun Indramayu 167,(183) Universitas Purwakarta 350,40.28
(147) Stasiun Cianjur 347,(5) Masjid Raya Bandung,75.01
(226) Kings Shopping Center,(26) Mall Kuningan 219,103.29
(57) RS Majalengka 153,(266) Terminal Cicaheum,93.47
(275) Universitas Padjadjaran,(245) Universitas Soreang 141,88.93
(217) RS Bandung 124,(230) Stasiun Rancaekek 266,71.8
(312) Universitas Telkom,(373) Universitas Purwakarta 260,15.4
(102) Universitas Sumedang 16,(92) Hotel Cimahi 208,91.64
(37) Hotel Kuningan 265,(45) Terminal Subang 284,62.06
(213) Wisata Cirebon 226,(84) RS Rancaekek 137,128.75
(228) Mall Soreang 170,(11) Terminal Subang 291,54.5
(80) Wisata Cimahi 224,(85) Hotel Garut 195,148.25
(397) Hotel Purwakarta 10,(164) Terminal Majalengka 222,95.92
(86) Mall Cirebon 83,(143) Terminal Lembang 110,35.05
(232) RS Bandung 49,(371) Wisata Lembang 164,51.22
(308) Stasiun Cianjur 145,(114) Hotel Garut 312,24.4
(7) Wisata Cimahi 8,(381) Universitas Rancaekek 341,74.17
(253) Wisata Cianjur 316,(329) Alun-Alun Rancaekek 80,116.68
(279) Stasiun Kuningan 91,(387) Alun-Alun Rancaekek 218,122.89
(323) Stasiun Kuningan 191,(187) Hotel Subang 213,102.79
(206) Universitas Sumedang 273,(99) Hotel Kuningan 90,138.2
(6) RS Cimahi 108,(137) Wisata Bandung 194,112.87
(179) Alun-Alun Kuningan 160,(44) Terminal Garut 325,146.59
(303) Universitas Kuningan 75,(246) Terminal Majalengka 217,149.75
(189) Mall Subang 173,(66) Paris Van Java,28.67
(66) Paris Van Java,(29) RS Sumedang 343,1.27
(338) Universitas Sumedang 39,(14) Mall Cirebon 322,74.35
(88) Saung Angklung Udjo,(183) Universitas Purwakarta 350,61.95
(358) Universitas Garut 232,(291) Wisata Cirebon 87,30.86
(55) Wisata Tasikmalaya 176,(185) Alun-Alun Majalengka 321,66.36
(258) Terminal Rancaekek 33,(316) Alun-Alun Cianjur 294,74.87
(24) Mall Purwakarta 79,(238) Stasiun Cirebon 241,72.35
(50) Gasibu,(220) Universitas Kuningan 308,71.81
(283) Universitas Kuningan 263,(287) Alun-Alun Lembang 346,23.97
(383) Mall Indramayu 5,(222) Terminal Soreang 344,129.06
(220) Universitas Kuningan 308,(48) Mall Garut 229,28.81
(167) Hotel Kuningan 315,(335) Wisata Lembang 245,93.75
(272) Wisata Garut 278,(34) Terminal Cimahi 23,14.4
(253) Wisata Cianjur 316,(300) Mall Bandung 352,86.78
(308) Stasiun Cianjur 145,(381) Universitas Rancaekek 341,147.75
(193) RS Cirebon 133,(152) RS Kuningan 88,121.54
(27) Stasiun Cianjur 228,(79) Hotel Bandung 202,66.54
(172) Alun-Alun Rancaekek 103,(83) Universitas Rancaekek 149,32.36
(170) Mall Bandung 77,(62) Hotel Purwakarta 185,53.62
(97) Alun-Alun Cimahi 196,(132) Terminal Indramayu 146,119.39
(248) Wisata Rancaekek 67,(222) Terminal Soreang 344,61.1
(80) Wisata Cimahi 224,(333) Stasiun Tasikmalaya 348,69.35
(27) Stasiun Cianjur 228,(372) RS Lembang 337,132.89
(342) RS Purwakarta 354,(25) Hotel Purwakarta 216,63.69
(381) Universitas Rancaekek 341,(268) Mall Indramayu 303,1.69
(191) Wisata Rancaekek 112,(64) Stasiun Kuningan 251,149.22
(156) Alun-Alun Kuningan 302,(256) Hotel Cimahi 152,101.49
(231) Universitas Cianjur 102,(335) Wisata Lembang 245,48.57
(353) Stasiun Bandung 37,(102) Universitas Sumedang 16,62.93
(151) Terminal Garut 54,(208) Hotel Cimahi 323,103.6
(333) Stasiun Tasikmalaya 348,(324) Alun-Alun Purwakarta 180,47.39
(258) Terminal Rancaekek 33,(291) Wisata Cirebon 87,44.07
(209) RS Kuningan 250,(351) Wisata Cianjur 151,9.02
(78) Stasiun Tasikmalaya 286,(220) Universitas Kuningan 308,100.92
(170) Mall Bandung 77,(301) Hotel Cirebon 62,58.62
(341) Universitas Soreang 358,(145) Mall Cirebon 271,58.88
(45) Terminal Subang 284,(109) Universitas Garut 259,73.58
(26) Mall Kuningan 219,(144) Hotel Cianjur 297,143.43
(290) Mall Tasikmalaya 43,(280) Hotel Garut 142,134.2
(55) Wisata Tasikmalaya 176,(232) RS Bandung 49,31.5
(111) Mall Subang 138,(274) Mall Tasikmalaya 41,125.13
(329) Alun-Alun Rancaekek 80,(373) Universitas Purwakarta 260,78.51
(135) Stasiun Purwakarta 178,(244) Alun-Alun Lembang 165,102.04
(138) Alun-Alun Bandung 179,(117) Mall Cimahi 275,123.37
(35) Mall Tasikmalaya 276,(106) Mall Subang 129,23.97
(301) Hotel Cirebon 62,(32) Universitas Indramayu 99,95.76
(130) Mall Cimahi 31,(46) Universitas Bandung 220,62.84
(354) Alun-Alun Kuningan 38,(252) Universitas Purwakarta 209,147.48
(57) RS Majalengka 153,(134) Universitas Cirebon 269,2.41
(398) Wisata Bandung 318,(67) Terminal Leuwipanjang,24.48
(175) Mall Bandung 267,(26) Mall Kuningan 219,92.37
(388) Stasiun Cirebon 52,(393) RS Garut 171,105.49
(256) Hotel Cimahi 152,(388) Stasiun Cirebon 52,129.81
(277) Alun-Alun Sumedang 311,(6) RS Cimahi 108,54.22
(327) Wisata Soreang 4,(335) Wisata Lembang 245,145.92
(17) RS Lembang 319,(250) Stasiun Cimahi 86,129.78
(391) Wisata Indramayu 34,(50) Gasibu,76.63
(359) RS Cimahi 119,(169) Alun-Alun Indramayu 175,49.27
(293) Alun-Alun Cirebon 131,(61) Wisata Rancaekek 336,74.97
(359) RS Cimahi 119,(90) Hotel Tasikmalaya 301,129.85
(184) Trans Studio Bandung,(368) Mall Tasikmalaya 70,28.18
(207) Terminal Sumedang 114,(68) Hotel Bandung 101,44.41
(287) Alun-Alun Lembang 346,(341) Universitas Soreang 358,10.67
(154) Alun-Alun Garut 42,(68) Hotel Bandung 101,99.51
(142) RS Purwakarta 92,(109) Universitas Garut 259,31.89
(314) Dago Pakar,(123) Mall Majalengka 190,70.79
(27) Stasiun Cianjur 228,(354) Alun-Alun Kuningan 38,10.26
(245) Universitas Soreang 141,(378) Stasiun Soreang 211,143.77
(99) Hotel Kuningan 90,(80) Wisata Cimahi 224,98.65
(244) Alun-Alun Lembang 165,(388) Stasiun Cirebon 52,26.65
(236) Wisata Rancaekek 89,(238) Stasiun Cirebon 241,88.35
(121) Terminal Bandung 96,(312) Universitas Telkom,82.1
(220) Universitas Kuningan 308,(210) Alun-Alun Sumedang 21,73.73
(35) Mall Tasikmalaya 276,(202) Universitas Bandung 183,143.2
(294) Hotel Rancaekek 147,(278) Alun-Alun Cirebon 247,140.87
(258) Terminal Rancaekek 33,(201) Braga Citywalk,12.12
(189) Mall Subang 173,(149) Alun-Alun Garut 234,81.9
(338) Universitas Sumedang 39,(226) Kings Shopping Center,122.73
(80) Wisata Cimahi 224,(395) Alun-Alun Kuningan 277,8.29
(274) Mall Tasikmalaya 41,(89) Mall Cirebon 244,100.86
(260) Universitas Majalengka 53,(303) Universitas Kuningan 75,123.82
(371) Wisata Lembang 164,(230) Stasiun Rancaekek 266,97.81
(165) Stasiun Cirebon 186,(164) Terminal Majalengka 222,76.07
(25) Hotel Purwakarta 216,(13) Terminal Sumedang 189,51.41
(394) Hotel Bandung 25,(118) Mall Tasikmalaya 136,147.58
(43) Wisata Rancaekek 28,(380) Hotel Rancaekek 256,119.43
(291) Wisata Cirebon 87,(107) Tahura Djuanda,56.63
(134) Universitas Cirebon 269,(23) Wisata Indramayu 45,103.53
(118) Mall Tasikmalaya 136,(225) Alun-Alun Cimahi 248,103.13
(125) Stasiun Subang 56,(287) Alun-Alun Lembang 346,56.2
(360) Metro Indah Mall,(158) Wisata Subang 97,31.87
(170) Mall Bandung 77,(189) Mall Subang 173,8.16
(217) RS Bandung 124,(197) Alun-Alun Cirebon 116,118.98
(156) Alun-Alun Kuningan 302,(269) Stasiun Kuningan 327,43.4
(118) Mall Tasikmalaya 136,(77) Hotel Bandung 235,120.22
(266) Terminal Cicaheum,(282) RS Bandung 82,58.49
(324) Alun-Alun Purwakarta 180,(397) Hotel Purwakarta 10,58.22
(220) Universitas Kuningan 308,(163) Mall Garut 20,53.41
(138) Alun-Alun Bandung 179,(301) Hotel Cirebon 62,26.56
(83) Universitas Rancaekek 149,(29) RS Sumedang 343,22.5
(91) Stasiun Sumedang 59,(65) Wisata Lembang 126,31.78
(19) Stasiun Cirebon 163,(283) Universitas Kuningan 263,76.48
(186) Stasiun Cimahi 349,(218) RS Al Islam,96.41
(61) Wisata Rancaekek 336,(363) RS Bandung 74,134.29
(241) Museum Geologi,(31) Wisata Cianjur 68,53.22
(0) Wisata Purwakarta 118,(384) Wisata Lembang 198,149.67
(220) Universitas Kuningan 308,(40) Universitas Indramayu 287,57.77
(125) Stasiun Subang 56,(73) Alun-Alun Soreang 66,116.12
(185) Alun-Alun Majalengka 321,(388) Stasiun Cirebon 52,101.29
(85) Hotel Garut 195,(28) RS Garut 292,147.99
(146) Stasiun Sumedang 51,(121) Terminal Bandung 96,123.5
(178) Stasiun Tasikmalaya 210,(326) Hotel Garut 201,32.72
(203) Wisata Cimahi 246,(253) Wisata Cianjur 316,57.27
(11) Terminal Subang 291,(54) Hotel Garut 313,134.76
(28) RS Garut 292,(206) Universitas Sumedang 273,83.73
(170) Mall Bandung 77,(38) Stasiun Kuningan 309,95.5
(266) Terminal Cicaheum,(270) Hotel Kuningan 155,39.76
(318) Alun-Alun Tasikmalaya 233,(268) Mall Indramayu 303,96.04
(131) Hotel Cirebon 252,(276) Alun-Alun Cirebon 48,31.28
(148) Universitas Cirebon 258,(392) Wisata Indramayu 205,40.73
(332) Terminal Sumedang 193,(380) Hotel Rancaekek 256,121.61
(85) Hotel Garut 195,(389) Universitas Subang 15,11.49
(227) Mall Tasikmalaya 44,(347) Terminal Rancaekek 78,101.78
(179) Alun-Alun Kuningan 160,(338) Universitas Sumedang 39,31.01
(210) Alun-Alun Sumedang 21,(336) Bandung Electronic Center,131.82
(80) Wisata Cimahi 224,(74) RS Cirebon 329,133.17
(17) RS Lembang 319,(383) Mall Indramayu 5,79.66
(224) RS Sumedang 105,(33) Stasiun Kiaracondong,6.93
(280) Hotel Garut 142,(164) Terminal Majalengka 222,14.42
(376) Mall Cirebon 159,(202) Universitas Bandung 183,111.42
(36) Universitas Cianjur 18,(212) Hotel Sumedang 174,3.76
(184) Trans Studio Bandung,(249) RS Sumedang 282,14.05
(257) Dago Dreampark,(388) Stasiun Cirebon 52,6.36
(51) Mall Subang 192,(318) Alun-Alun Tasikmalaya 233,88.69
(258) Terminal Rancaekek 33,(28) RS Garut 292,91.88
(265) Stasiun Cimahi 24,(226) Kings Shopping Center,117.69
(303) Universitas Kuningan 75,(304) Hotel Cirebon 340,100.27
(56) Hotel Soreang 60,(140) Festival Citylink,25.29
(312) Universitas Telkom,(296) Alun-Alun Majalengka 158,120.95
(359) RS Cimahi 119,(55) Wisata Tasikmalaya 176,80.82
(1) Alun-Alun Tasikmalaya 355,(148) Universitas Cirebon 258,43.27
(173) Hotel Purwakarta 279,(186) Stasiun Cimahi 349,145.32
(292) Mall Cirebon 17,(396) RS Hermina,6.07
(327) Wisata Soreang 4,(69) Wisata Garut 187,49.85
(173) Hotel Purwakarta 279,(369) Wisata Soreang 357,8.07
(62) Hotel Purwakarta 185,(331) Wisata Cianjur 168,69.26
(323) Stasiun Kuningan 191,(320) Stasiun Purwakarta 290,13.47
(324) Alun-Alun Purwakarta 180,(385) Wisata Tasikmalaya 35,134.36
(335) Wisata Lembang 245,(318) Alun-Alun Tasikmalaya 233,29.28
(156) Alun-Alun Kuningan 302,(354) Alun-Alun Kuningan 38,92.95
(9) Mall Cianjur 332,(73) Alun-Alun Soreang 66,65.17
(336) Bandung Electronic Center,(317) Terminal Purwakarta 310,4.74
(331) Wisata Cianjur 168,(44) Terminal Garut 325,138.52
(218) RS Al Islam,(20) Wisata Lembang 223,79.56
(381) Universitas Rancaekek 341,(183) Universitas Purwakarta 350,49.22
(369) Wisata Soreang 357,(119) Alun-Alun Garut 237,10.76
(399) Hotel Garut 46,(29) RS Sumedang 343,16.99
(319) RS Purwakarta 22,(289) Alun-Alun Soreang 203,128.22
(236) Wisata Rancaekek 89,(279) Stasiun Kuningan 91,55.0
(136) RS Lembang 76,(133) Hotel Kuningan 305,85.18
(209) RS Kuningan 250,(199) Mall Subang 200,25.78
(137) Wisata Bandung 194,(148) Universitas Cirebon 258,117.93
(98) Mall Cirebon 264,(180) Wisata Lembang 71,70.14
(212) Hotel Sumedang 174,(99) Hotel Kuningan 90,86.64
(335) Wisata Lembang 245,(80) Wisata Cimahi 224,82.81
(52) Mall Purwakarta 300,(145) Mall Cirebon 271,85.65
(341) Universitas Soreang 358,(135) Stasiun Purwakarta 178,131.14
(103) Mall Sumedang 106,(184) Trans Studio Bandung,83.14
(26) Mall Kuningan 219,(0) Wisata Purwakarta 118,30.36
(315) Hotel Garut 143,(23) Wisata Indramayu 45,35.86
(383) Mall Indramayu 5,(290) Mall Tasikmalaya 43,12.08
(60) Universitas Tasikmalaya 299,(133) Hotel Kuningan 305,11.54
(371) Wisata Lembang 164,(294) Hotel Rancaekek 147,88.61
(308) Stasiun Cianjur 145,(94) Wisata Kuningan 117,69.77
(296) Alun-Alun Majalengka 158,(135) Stasiun Purwakarta 178,60.15
(48) Mall Garut 229,(95) Hotel Tasikmalaya 132,43.65
(386) Wisata Bandung 172,(337) Wisata Majalengka 127,144.09
(300) Mall Bandung 352,(273) RS Soreang 27,52.88
(52) Mall Purwakarta 300,(331) Wisata Cianjur 168,90.57
(146) Stasiun Sumedang 51,(272) Wisata Garut 278,44.45
(163) Mall Garut 20,(324) Alun-Alun Purwakarta 180,130.61
(19) Stasiun Cirebon 163,(224) RS Sumedang 105,73.89
(314) Dago Pakar,(130) Mall Cimahi 31,80.47
(252) Universitas Purwakarta 209,(111) Mall Subang 138,93.63
(273) RS Soreang 27,(289) Alun-Alun Soreang 203,28.67
(290) Mall Tasikmalaya 43,(311) RS Soreang 113,145.65
(155) Gedung Sate,(166) RS Santosa Bandung,105.69
(107) Tahura Djuanda,(88) Saung Angklung Udjo,96.6
(272) Wisata Garut 278,(87) Universitas Garut 342,26.53
(81) Mall Subang 257,(385) Wisata Tasikmalaya 35,57.85
(21) Hotel Subang 339,(68) Hotel Bandung 101,90.58
(323) Stasiun Kuningan 191,(304) Hotel Cirebon 340,62.44
(25) Hotel Purwakarta 216,(12) Stasiun Purwakarta 36,78.66
(129) Universitas Garut 181,(190) Terminal Majalengka 61,93.81
(311) RS Soreang 113,(165) Stasiun Cirebon 186,76.77
(330) RS Bandung 125,(182) Terminal Purwakarta 140,127.41
(377) Wisata Cimahi 130,(381) Universitas Rancaekek 341,101.84
(282) RS Bandung 82,(357) Alun-Alun Cirebon 29,50.91
(41) Alun-Alun Cimahi 139,(365) Universitas Bandung 3,135.75
(257) Dago Dreampark,(190) Terminal Majalengka 61,56.39
(302) Alun-Alun Majalengka 1,(143) Terminal Lembang 110,117.07
(351) Wisata Cianjur 151,(145) Mall Cirebon 271,140.38
(291) Wisata Cirebon 87,(4) Kebun Binatang Bandung,65.86
(63) Universitas Cirebon 128,(179) Alun-Alun Kuningan 160,92.8
(328) Stasiun Indramayu 167,(347) Terminal Rancaekek 78,102.22
(270) Hotel Kuningan 155,(187) Hotel Subang 213,140.15
(193) RS Cirebon 133,(217) RS Bandung 124,117.2
(383) Mall Indramayu 5,(200) Hotel Bandung 359,30.48
(37) Hotel Kuningan 265,(135) Stasiun Purwakarta 178,50.89
(95) Hotel Tasikmalaya 132,(80) Wisata Cimahi 224,8.47
(381) Universitas Rancaekek 341,(379) Wisata Cirebon 120,136.2
(312) Universitas Telkom,(378) Stasiun Soreang 211,21.76
(235) Mall Majalengka 148,(244) Alun-Alun Lembang 165,12.98
(61) Wisata Rancaekek 336,(74) RS Cirebon 329,47.89
(207) Terminal Sumedang 114,(297) RS Soreang 93,9.06
(296) Alun-Alun Majalengka 158,(352) Terminal Kuningan 324,19.78
(45) Terminal Subang 284,(182) Terminal Purwakarta 140,99.72
(126) Mall Garut 26,(106) Mall Subang 129,131.97
(354) Alun-Alun Kuningan 38,(243) Terminal Purwakarta 351,2.67
(46) Universitas Bandung 220,(11) Terminal Subang 291,136.92
(61) Wisata Rancaekek 336,(18) Paskal Hyper Square,25.08
(237) Universitas Sumedang 63,(255) Hotel Lembang 57,8.79
(158) Wisata Subang 97,(183) Universitas Purwakarta 350,75.14
(126) Mall Garut 26,(353) Stasiun Bandung 37,128.56
(87) Universitas Garut 342,(88) Saung Angklung Udjo,131.69
(150) Terminal Cianjur 356,(308) Stasiun Cianjur 145,131.92
(58) RS Cianjur 123,(209) RS Kuningan 250,121.88
(12) Stasiun Purwakarta 36,(247) Alun-Alun Soreang 254,128.19
(36) Universitas Cianjur 18,(223) Terminal Soreang 7,125.47
(151) Terminal Garut 54,(248) Wisata Rancaekek 67,92.66
(150) Terminal Cianjur 356,(261) RS Majalengka 72,42.02
(61) Wisata Rancaekek 336,(204) RS Garut 333,132.23
(212) Hotel Sumedang 174,(177) Stasiun Soreang 182,58.16
(79) Hotel Bandung 202,(347) Terminal Rancaekek 78,120.29
(293) Alun-Alun Cirebon 131,(115) Universitas Lembang 65,129.69
(299) RS Bandung 111,(287) Alun-Alun Lembang 346,38.68
(246) Terminal Majalengka 217,(315) Hotel Garut 143,17.68
(192) Hotel Tasikmalaya 184,(89) Mall Cirebon 244,119.15
(38) Stasiun Kuningan 309,(335) Wisata Lembang 245,42.46
(111) Mall Subang 138,(354) Alun-Alun Kuningan 38,11.59
(320) Stasiun Purwakarta 290,(106) Mall Subang 129,119.42
(277) Alun-Alun Sumedang 311,(34) Terminal Cimahi 23,27.36
(26) Mall Kuningan 219,(105) Hotel Cirebon 2,11.06
(94) Wisata Kuningan 117,(325) Universitas Purwakarta 81,125.67
(265) Stasiun Cimahi 24,(349) Terminal Lembang 12,72.48
(250) Stasiun Cimahi 86,(150) Terminal Cianjur 356,133.95
(365) Universitas Bandung 3,(88) Saung Angklung Udjo,111.94
(40) Universitas Indramayu 287,(345) Mall Cimahi 134,130.47
(98) Mall Cirebon 264,(59) Universitas Majalengka 280,55.81
(122) Mall Cirebon 238,(298) Bandung Indah Plaza,111.01
(14) Mall Cirebon 322,(257) Dago Dreampark,88.64
(332) Terminal Sumedang 193,(71) Stasiun Soreang 281,39.0
(100) Curug Dago,(252) Universitas Purwakarta 209,141.19
(89) Mall Cirebon 244,(267) RS Hasan Sadikin,138.6
(384) Wisata Lembang 198,(0) Wisata Purwakarta 118,81.3
(324) Alun-Alun Purwakarta 180,(330) RS Bandung 125,55.8
(79) Hotel Bandung 202,(155) Gedung Sate,140.17
(67) Terminal Leuwipanjang,(87) Universitas Garut 342,37.62
(273) RS Soreang 27,(298) Bandung Indah Plaza,93.41
(305) Wisata Subang 162,(125) Stasiun Subang 56,59.08
(95) Hotel Tasikmalaya 132,(329) Alun-Alun Rancaekek 80,23.4
(327) Wisata Soreang 4,(239) Alun-Alun Indramayu 206,101.64
(236) Wisata Rancaekek 89,(257) Dago Dreampark,4.75
(2) RS Tasikmalaya 227,(227) Mall Tasikmalaya 44,104.07
(167) Hotel Kuningan 315,(393) RS Garut 171,19.24
(67) Terminal Leuwipanjang,(46) Universitas Bandung 220,149.12
(333) Stasiun Tasikmalaya 348,(362) Stasiun Subang 295,31.91
(323) Stasiun Kuningan 191,(216) GBLA Stadium,115.41
(20) Wisata Lembang 223,(89) Mall Cirebon 244,71.68
(150) Terminal Cianjur 356,(334) Terminal Rancaekek 47,34.09
(296) Alun-Alun Majalengka 158,(281) Stasiun Kuningan 150,114.27
(306) Mall Indramayu 304,(86) Mall Cirebon 83,72.27
(231) Universitas Cianjur 102,(23) Wisata Indramayu 45,17.87
(326) Hotel Garut 201,(142) RS Purwakarta 92,53.13
(322) Wisata Sumedang 314,(51) Mall Subang 192,97.98
(289) Alun-Alun Soreang 203,(115) Universitas Lembang 65,30.24
(180) Wisata Lembang 71,(37) Hotel Kuningan 265,65.93
(299) RS Bandung 111,(284) Mall Soreang 231,47.35
(332) Terminal Sumedang 193,(135) Stasiun Purwakarta 178,138.03
(194) RS Soreang 249,(71) Stasiun Soreang 281,112.64
(337) Wisata Majalengka 127,(26) Mall Kuningan 219,130.04
(54) Hotel Garut 313,(383) Mall Indramayu 5,76.41
(145) Mall Cirebon 271,(27) Stasiun Cianjur 228,107.05
(116) Terminal Cirebon 255,(344) Terminal Cirebon 212,63.94
(65) Wisata Lembang 126,(322) Wisata Sumedang 314,94.5
(276) Alun-Alun Cirebon 48,(86) Mall Cirebon 83,20.93
(214) Wisata Sumedang 353,(12) Stasiun Purwakarta 36,73.83
(171) Terminal Subang 214,(186) Stasiun Cimahi 349,4.76
(291) Wisata Cirebon 87,(9) Mall Cianjur 332,66.96
(242) Hotel Purwakarta 225,(69) Wisata Garut 187,129.53
(54) Hotel Garut 313,(170) Mall Bandung 77,95.3
(25) Hotel Purwakarta 216,(213) Wisata Cirebon 226,132.55
(212) Hotel Sumedang 174,(321) Mall Indramayu 73,129.94
(325) Universitas Purwakarta 81,(128) Stasiun Bandung,47.74
